#
# There is insufficient memory for the Java Runtime Environment to continue.
# Native memory allocation (malloc) failed to allocate 489456 bytes. Error detail: Chunk::new
# Possible reasons:
#   The system is out of physical RAM or swap space
#   This process is running with CompressedOops enabled, and the Java Heap may be blocking the growth of the native heap
# Possible solutions:
#   Reduce memory load on the system
#   Increase physical memory or swap space
#   Check if swap backing store is full
#   Decrease Java heap size (-Xmx/-Xms)
#   Decrease number of Java threads
#   Decrease Java thread stack sizes (-Xss)
#   Set larger code cache with -XX:ReservedCodeCacheSize=
#   JVM is running with Zero Based Compressed Oops mode in which the Java heap is
#     placed in the first 32GB address space. The Java Heap base address is the
#     maximum limit for the native heap growth. Please use -XX:HeapBaseMinAddress
#     to set the Java Heap base and to place the Java Heap above 32GB virtual address.
# This output file may be truncated or incomplete.
#
#  Out of Memory Error (arena.cpp:191), pid=23256, tid=33536
#
# JRE version: OpenJDK Runtime Environment Microsoft-12574423 (17.0.17+10) (build 17.0.17+10-LTS)
# Java VM: OpenJDK 64-Bit Server VM Microsoft-12574423 (17.0.17+10-LTS, mixed mode, sharing, tiered, compressed oops, compressed class ptrs, g1 gc, windows-amd64)
# No core dump will be written. Minidumps are not enabled by default on client versions of Windows
#

---------------  S U M M A R Y ------------

Command Line: -XX:MaxMetaspaceSize=384m -XX:HeapBaseMinAddress=4294967296 --add-opens=java.base/java.util=ALL-UNNAMED --add-opens=java.base/java.lang=ALL-UNNAMED --add-opens=java.base/java.lang.invoke=ALL-UNNAMED --add-opens=java.prefs/java.util.prefs=ALL-UNNAMED --add-opens=java.base/java.nio.charset=ALL-UNNAMED --add-opens=java.base/java.net=ALL-UNNAMED --add-opens=java.base/java.util.concurrent.atomic=ALL-UNNAMED -Xmx1536m -Dfile.encoding=windows-1252 -Duser.country=US -Duser.language=en -Duser.variant -javaagent:C:\Users\Grahald\.gradle\wrapper\dists\gradle-8.8-all\6gdy1pgp427xkqcjbxw3ylt6h\gradle-8.8\lib\agents\gradle-instrumentation-agent-8.8.jar org.gradle.launcher.daemon.bootstrap.GradleDaemon 8.8

Host: AMD Ryzen 7 PRO 4750U with Radeon Graphics, 16 cores, 15G,  Windows 11 , 64 bit Build 26100 (10.0.26100.8328)
Time: Wed Jun  3 11:11:35 2026 SE Asia Standard Time elapsed time: 49.561514 seconds (0d 0h 0m 49s)

---------------  T H R E A D  ---------------

Current thread (0x00000191c2eb5b60):  JavaThread "C2 CompilerThread2" daemon [_thread_in_native, id=33536, stack(0x0000000b0b400000,0x0000000b0b500000)]


Current CompileTask:
C2:49561 17850       4       org.gradle.api.internal.artifacts.ivyservice.resolveengine.artifact.ArtifactVisitorToResolvedFileVisitorAdapter::visitArtifact (17 bytes)

Stack: [0x0000000b0b400000,0x0000000b0b500000]
Native frames: (J=compiled Java code, j=interpreted, Vv=VM code, C=native code)
V  [jvm.dll+0x68c459]  (no source info available)
V  [jvm.dll+0x845e09]  (no source info available)
V  [jvm.dll+0x847b78]  (no source info available)
V  [jvm.dll+0x848203]  (no source info available)
V  [jvm.dll+0x24cf6f]  (no source info available)
V  [jvm.dll+0xaecb6]  (no source info available)
V  [jvm.dll+0xaf35c]  (no source info available)
V  [jvm.dll+0x2b4b8f]  (no source info available)
V  [jvm.dll+0x594484]  (no source info available)
V  [jvm.dll+0x226d84]  (no source info available)
V  [jvm.dll+0x21fae8]  (no source info available)
V  [jvm.dll+0x21d260]  (no source info available)
V  [jvm.dll+0x1a8ce6]  (no source info available)
V  [jvm.dll+0x22db1b]  (no source info available)
V  [jvm.dll+0x22bca6]  (no source info available)
V  [jvm.dll+0x7fb65b]  (no source info available)
V  [jvm.dll+0x7f5a5c]  (no source info available)
V  [jvm.dll+0x68d9f7]  (no source info available)
C  [ucrtbase.dll+0x37b0]  (no source info available)
C  [KERNEL32.DLL+0x2e957]  (no source info available)
C  [ntdll.dll+0x427c]  (no source info available)


---------------  P R O C E S S  ---------------

Threads class SMR info:
_java_thread_list=0x00000191c06b0b70, length=96, elements={
0x00000191fbef18b0, 0x00000191ff8fbd60, 0x00000191ff8fe740, 0x00000191ff90e820,
0x000001919a2d2480, 0x000001919a2d4d60, 0x000001919a2d5630, 0x000001919a2d8240,
0x000001919a2d8b50, 0x000001919a2e5490, 0x00000191ff8e3040, 0x000001919a5c7670,
0x00000191b551d400, 0x00000191b4ab4fc0, 0x00000191b59725e0, 0x00000191b5972ac0,
0x00000191b44001f0, 0x00000191b44006d0, 0x00000191b56cccf0, 0x00000191b56cd1d0,
0x00000191b56b9030, 0x00000191b56b6cc0, 0x00000191b56b62a0, 0x00000191b56b5880,
0x00000191b56b8b20, 0x00000191b56b67b0, 0x00000191b56b8610, 0x00000191b56b71d0,
0x00000191b56b7bf0, 0x00000191b56b76e0, 0x00000191b56b8100, 0x00000191b6a7da50,
0x00000191b6a7d540, 0x00000191b6a7c610, 0x00000191b6a802d0, 0x00000191b6a7f8b0,
0x00000191b6a7f3a0, 0x00000191b6a7ee90, 0x00000191b6a7d030, 0x00000191b6a80cf0,
0x00000191b6a81710, 0x00000191b6a81200, 0x00000191b6a82640, 0x00000191b6a82130,
0x00000191b6a82b50, 0x00000191b6a83060, 0x00000191b6a83a80, 0x00000191b6a83570,
0x00000191b6a83f90, 0x00000191b7033ba0, 0x00000191b7031830, 0x00000191b7030900,
0x00000191b7031d40, 0x00000191b7030e10, 0x00000191b70303f0, 0x00000191b7032250,
0x00000191b7034ad0, 0x00000191b7033690, 0x00000191b70340b0, 0x00000191b7035f10,
0x00000191b7033180, 0x00000191b7031320, 0x00000191b7035a00, 0x00000191b7032760,
0x00000191b7034fe0, 0x00000191b7037d70, 0x00000191b7032c70, 0x00000191b70354f0,
0x00000191b7036e40, 0x00000191b7036420, 0x00000191b6a7cb20, 0x00000191b8704fa0,
0x00000191b8707310, 0x00000191b8707820, 0x00000191b8707d30, 0x00000191b8706e00,
0x00000191b8709170, 0x00000191b87068f0, 0x00000191b8705ed0, 0x00000191b8708240,
0x00000191b870a5b0, 0x00000191b870bf00, 0x00000191b870c920, 0x00000191b870b9f0,
0x00000191c054bbf0, 0x00000191c054c100, 0x00000191c054acc0, 0x00000191c054c610,
0x00000191c0548e60, 0x00000191c054a2a0, 0x00000191c0549d90, 0x00000191c054cb20,
0x00000191c054fdc0, 0x00000191c2eb3b80, 0x00000191c2eb40d0, 0x00000191c2eb5b60
}

Java Threads: ( => current thread )
  0x00000191fbef18b0 JavaThread "main" [_thread_blocked, id=22208, stack(0x0000000b07100000,0x0000000b07200000)]
  0x00000191ff8fbd60 JavaThread "Reference Handler" daemon [_thread_blocked, id=8796, stack(0x0000000b07800000,0x0000000b07900000)]
  0x00000191ff8fe740 JavaThread "Finalizer" daemon [_thread_blocked, id=3908, stack(0x0000000b07900000,0x0000000b07a00000)]
  0x00000191ff90e820 JavaThread "Signal Dispatcher" daemon [_thread_blocked, id=11764, stack(0x0000000b07a00000,0x0000000b07b00000)]
  0x000001919a2d2480 JavaThread "Attach Listener" daemon [_thread_blocked, id=32704, stack(0x0000000b07b00000,0x0000000b07c00000)]
  0x000001919a2d4d60 JavaThread "Service Thread" daemon [_thread_blocked, id=22932, stack(0x0000000b07c00000,0x0000000b07d00000)]
  0x000001919a2d5630 JavaThread "Monitor Deflation Thread" daemon [_thread_blocked, id=21008, stack(0x0000000b07d00000,0x0000000b07e00000)]
  0x000001919a2d8240 JavaThread "C2 CompilerThread0" daemon [_thread_in_native, id=3732, stack(0x0000000b07e00000,0x0000000b07f00000)]
  0x000001919a2d8b50 JavaThread "C1 CompilerThread0" daemon [_thread_blocked, id=31188, stack(0x0000000b07f00000,0x0000000b08000000)]
  0x000001919a2e5490 JavaThread "Sweeper thread" daemon [_thread_blocked, id=19072, stack(0x0000000b08000000,0x0000000b08100000)]
  0x00000191ff8e3040 JavaThread "Common-Cleaner" daemon [_thread_blocked, id=14400, stack(0x0000000b08100000,0x0000000b08200000)]
  0x000001919a5c7670 JavaThread "Notification Thread" daemon [_thread_blocked, id=13560, stack(0x0000000b08500000,0x0000000b08600000)]
  0x00000191b551d400 JavaThread "Daemon health stats" [_thread_blocked, id=33096, stack(0x0000000b08800000,0x0000000b08900000)]
  0x00000191b4ab4fc0 JavaThread "Incoming local TCP Connector on port 52432" [_thread_in_native, id=32584, stack(0x0000000b08700000,0x0000000b08800000)]
  0x00000191b59725e0 JavaThread "Daemon periodic checks" [_thread_blocked, id=13836, stack(0x0000000b08900000,0x0000000b08a00000)]
  0x00000191b5972ac0 JavaThread "Daemon" [_thread_blocked, id=18960, stack(0x0000000b08f00000,0x0000000b09000000)]
  0x00000191b44001f0 JavaThread "Handler for socket connection from /127.0.0.1:52432 to /127.0.0.1:52433" [_thread_in_native, id=17944, stack(0x0000000b09000000,0x0000000b09100000)]
  0x00000191b44006d0 JavaThread "Cancel handler" [_thread_blocked, id=25408, stack(0x0000000b09100000,0x0000000b09200000)]
  0x00000191b56cccf0 JavaThread "Daemon worker" [_thread_in_native, id=10960, stack(0x0000000b09200000,0x0000000b09300000)]
  0x00000191b56cd1d0 JavaThread "Asynchronous log dispatcher for DefaultDaemonConnection: socket connection from /127.0.0.1:52432 to /127.0.0.1:52433" [_thread_blocked, id=31316, stack(0x0000000b09300000,0x0000000b09400000)]
  0x00000191b56b9030 JavaThread "Stdin handler" [_thread_blocked, id=24224, stack(0x0000000b09400000,0x0000000b09500000)]
  0x00000191b56b6cc0 JavaThread "Daemon client event forwarder" [_thread_blocked, id=12400, stack(0x0000000b09500000,0x0000000b09600000)]
  0x00000191b56b62a0 JavaThread "Cache worker for journal cache (C:\Users\Grahald\.gradle\caches\journal-1)" [_thread_blocked, id=20108, stack(0x0000000b09600000,0x0000000b09700000)]
  0x00000191b56b5880 JavaThread "File lock request listener" [_thread_in_native, id=14168, stack(0x0000000b09700000,0x0000000b09800000)]
  0x00000191b56b8b20 JavaThread "Cache worker for file hash cache (C:\Users\Grahald\.gradle\caches\8.8\fileHashes)" [_thread_blocked, id=20536, stack(0x0000000b09800000,0x0000000b09900000)]
  0x00000191b56b67b0 JavaThread "Cache worker for file hash cache (D:\Belajar\tias-mobile\android\.gradle\8.8\fileHashes)" [_thread_blocked, id=2104, stack(0x0000000b09b00000,0x0000000b09c00000)]
  0x00000191b56b8610 JavaThread "File watcher server" daemon [_thread_in_native, id=23484, stack(0x0000000b09c00000,0x0000000b09d00000)]
  0x00000191b56b71d0 JavaThread "File watcher consumer" daemon [_thread_blocked, id=2176, stack(0x0000000b09d00000,0x0000000b09e00000)]
  0x00000191b56b7bf0 JavaThread "Cache worker for checksums cache (D:\Belajar\tias-mobile\android\.gradle\8.8\checksums)" [_thread_blocked, id=22040, stack(0x0000000b0a800000,0x0000000b0a900000)]
  0x00000191b56b76e0 JavaThread "Cache worker for file content cache (C:\Users\Grahald\.gradle\caches\8.8\fileContent)" [_thread_blocked, id=19052, stack(0x0000000b0a900000,0x0000000b0aa00000)]
  0x00000191b56b8100 JavaThread "Cache worker for cache directory md-rule (C:\Users\Grahald\.gradle\caches\8.8\md-rule)" [_thread_blocked, id=34756, stack(0x0000000b0aa00000,0x0000000b0ab00000)]
  0x00000191b6a7da50 JavaThread "Cache worker for cache directory md-supplier (C:\Users\Grahald\.gradle\caches\8.8\md-supplier)" [_thread_blocked, id=30472, stack(0x0000000b0ab00000,0x0000000b0ac00000)]
  0x00000191b6a7d540 JavaThread "jar transforms" [_thread_blocked, id=1640, stack(0x0000000b0ae00000,0x0000000b0af00000)]
  0x00000191b6a7c610 JavaThread "Unconstrained build operations" [_thread_blocked, id=14264, stack(0x0000000b08400000,0x0000000b08500000)]
  0x00000191b6a802d0 JavaThread "Unconstrained build operations Thread 2" [_thread_blocked, id=17428, stack(0x0000000b08e00000,0x0000000b08f00000)]
  0x00000191b6a7f8b0 JavaThread "Unconstrained build operations Thread 3" [_thread_blocked, id=13692, stack(0x0000000b09900000,0x0000000b09a00000)]
  0x00000191b6a7f3a0 JavaThread "Cache worker for Build Output Cleanup Cache (D:\Belajar\tias-mobile\node_modules\@react-native\gradle-plugin\.gradle\buildOutputCleanup)" [_thread_blocked, id=28488, stack(0x0000000b0af00000,0x0000000b0b000000)]
  0x00000191b6a7ee90 JavaThread "Unconstrained build operations Thread 4" [_thread_blocked, id=20748, stack(0x0000000b0b000000,0x0000000b0b100000)]
  0x00000191b6a7d030 JavaThread "Unconstrained build operations Thread 5" [_thread_blocked, id=21456, stack(0x0000000b0b100000,0x0000000b0b200000)]
  0x00000191b6a80cf0 JavaThread "Unconstrained build operations Thread 6" [_thread_blocked, id=33216, stack(0x0000000b0b200000,0x0000000b0b300000)]
  0x00000191b6a81710 JavaThread "Memory manager" [_thread_blocked, id=29436, stack(0x0000000b0b300000,0x0000000b0b400000)]
  0x00000191b6a81200 JavaThread "build event listener" [_thread_blocked, id=33980, stack(0x0000000b0ac00000,0x0000000b0ad00000)]
  0x00000191b6a82640 JavaThread "ForkJoinPool.commonPool-worker-1" daemon [_thread_blocked, id=13360, stack(0x0000000b0b700000,0x0000000b0b800000)]
  0x00000191b6a82130 JavaThread "ForkJoinPool.commonPool-worker-2" daemon [_thread_blocked, id=34464, stack(0x0000000b0b800000,0x0000000b0b900000)]
  0x00000191b6a82b50 JavaThread "ForkJoinPool.commonPool-worker-3" daemon [_thread_blocked, id=5728, stack(0x0000000b0b900000,0x0000000b0ba00000)]
  0x00000191b6a83060 JavaThread "ForkJoinPool.commonPool-worker-4" daemon [_thread_blocked, id=8364, stack(0x0000000b0ba00000,0x0000000b0bb00000)]
  0x00000191b6a83a80 JavaThread "ForkJoinPool.commonPool-worker-5" daemon [_thread_blocked, id=26136, stack(0x0000000b0bb00000,0x0000000b0bc00000)]
  0x00000191b6a83570 JavaThread "ForkJoinPool.commonPool-worker-6" daemon [_thread_blocked, id=20700, stack(0x0000000b0bc00000,0x0000000b0bd00000)]
  0x00000191b6a83f90 JavaThread "ForkJoinPool.commonPool-worker-7" daemon [_thread_blocked, id=31296, stack(0x0000000b0bd00000,0x0000000b0be00000)]
  0x00000191b7033ba0 JavaThread "ForkJoinPool.commonPool-worker-8" daemon [_thread_blocked, id=30504, stack(0x0000000b0be00000,0x0000000b0bf00000)]
  0x00000191b7031830 JavaThread "ForkJoinPool.commonPool-worker-9" daemon [_thread_blocked, id=32000, stack(0x0000000b0bf00000,0x0000000b0c000000)]
  0x00000191b7030900 JavaThread "ForkJoinPool.commonPool-worker-10" daemon [_thread_blocked, id=20556, stack(0x0000000b0c000000,0x0000000b0c100000)]
  0x00000191b7031d40 JavaThread "ForkJoinPool.commonPool-worker-11" daemon [_thread_blocked, id=9060, stack(0x0000000b0c100000,0x0000000b0c200000)]
  0x00000191b7030e10 JavaThread "Exec process" daemon [_thread_blocked, id=1892, stack(0x0000000b0c200000,0x0000000b0c300000)]
  0x00000191b70303f0 JavaThread "ForkJoinPool.commonPool-worker-12" daemon [_thread_blocked, id=27128, stack(0x0000000b0c300000,0x0000000b0c400000)]
  0x00000191b7032250 JavaThread "Exec process Thread 2" daemon [_thread_blocked, id=31092, stack(0x0000000b0c400000,0x0000000b0c500000)]
  0x00000191b7034ad0 JavaThread "Exec process Thread 3" daemon [_thread_blocked, id=30404, stack(0x0000000b0c500000,0x0000000b0c600000)]
  0x00000191b7033690 JavaThread "ForkJoinPool.commonPool-worker-13" daemon [_thread_blocked, id=2184, stack(0x0000000b0c600000,0x0000000b0c700000)]
  0x00000191b70340b0 JavaThread "included builds" [_thread_blocked, id=30096, stack(0x0000000b0b500000,0x0000000b0b600000)]
  0x00000191b7035f10 JavaThread "Execution worker" [_thread_blocked, id=8608, stack(0x0000000b0b600000,0x0000000b0b700000)]
  0x00000191b7033180 JavaThread "Cache worker for execution history cache (D:\Belajar\tias-mobile\node_modules\@react-native\gradle-plugin\.gradle\8.8\executionHistory)" [_thread_blocked, id=6668, stack(0x0000000b0c700000,0x0000000b0c800000)]
  0x00000191b7031320 JavaThread "Unconstrained build operations Thread 7" [_thread_blocked, id=28996, stack(0x0000000b0c800000,0x0000000b0c900000)]
  0x00000191b7035a00 JavaThread "Unconstrained build operations Thread 8" [_thread_blocked, id=29440, stack(0x0000000b0c900000,0x0000000b0ca00000)]
  0x00000191b7032760 JavaThread "Unconstrained build operations Thread 9" [_thread_blocked, id=13204, stack(0x0000000b0ca00000,0x0000000b0cb00000)]
  0x00000191b7034fe0 JavaThread "Unconstrained build operations Thread 10" [_thread_blocked, id=14316, stack(0x0000000b0cb00000,0x0000000b0cc00000)]
  0x00000191b7037d70 JavaThread "Unconstrained build operations Thread 11" [_thread_blocked, id=26772, stack(0x0000000b0cc00000,0x0000000b0cd00000)]
  0x00000191b7032c70 JavaThread "Unconstrained build operations Thread 12" [_thread_blocked, id=12640, stack(0x0000000b0cd00000,0x0000000b0ce00000)]
  0x00000191b70354f0 JavaThread "Unconstrained build operations Thread 13" [_thread_blocked, id=11148, stack(0x0000000b0ce00000,0x0000000b0cf00000)]
  0x00000191b7036e40 JavaThread "Unconstrained build operations Thread 14" [_thread_blocked, id=16944, stack(0x0000000b0cf00000,0x0000000b0d000000)]
  0x00000191b7036420 JavaThread "jar transforms Thread 2" [_thread_blocked, id=33804, stack(0x0000000b0d000000,0x0000000b0d100000)]
  0x00000191b6a7cb20 JavaThread "Cache worker for Build Output Cleanup Cache (D:\Belajar\tias-mobile\android\.gradle\buildOutputCleanup)" [_thread_blocked, id=23676, stack(0x0000000b0d100000,0x0000000b0d200000)]
  0x00000191b8704fa0 JavaThread "jar transforms Thread 3" [_thread_blocked, id=25564, stack(0x0000000b0d200000,0x0000000b0d300000)]
  0x00000191b8707310 JavaThread "Unconstrained build operations Thread 15" [_thread_blocked, id=19588, stack(0x0000000b0d400000,0x0000000b0d500000)]
  0x00000191b8707820 JavaThread "Unconstrained build operations Thread 16" [_thread_blocked, id=20932, stack(0x0000000b0d500000,0x0000000b0d600000)]
  0x00000191b8707d30 JavaThread "Unconstrained build operations Thread 17" [_thread_blocked, id=13680, stack(0x0000000b0d600000,0x0000000b0d700000)]
  0x00000191b8706e00 JavaThread "Unconstrained build operations Thread 18" [_thread_blocked, id=28508, stack(0x0000000b0d700000,0x0000000b0d800000)]
  0x00000191b8709170 JavaThread "Unconstrained build operations Thread 19" [_thread_blocked, id=9288, stack(0x0000000b0d300000,0x0000000b0d400000)]
  0x00000191b87068f0 JavaThread "jar transforms Thread 4" [_thread_blocked, id=34624, stack(0x0000000b0d800000,0x0000000b0d900000)]
  0x00000191b8705ed0 JavaThread "jar transforms Thread 5" [_thread_blocked, id=9384, stack(0x0000000b0d900000,0x0000000b0da00000)]
  0x00000191b8708240 JavaThread "jar transforms Thread 6" [_thread_blocked, id=17088, stack(0x0000000b0da00000,0x0000000b0db00000)]
  0x00000191b870a5b0 JavaThread "build event listener" [_thread_blocked, id=14996, stack(0x0000000b0db00000,0x0000000b0dc00000)]
  0x00000191b870bf00 JavaThread "jar transforms Thread 7" [_thread_blocked, id=10660, stack(0x0000000b0dd00000,0x0000000b0de00000)]
  0x00000191b870c920 JavaThread "jar transforms Thread 8" [_thread_blocked, id=12324, stack(0x0000000b0de00000,0x0000000b0df00000)]
  0x00000191b870b9f0 JavaThread "jar transforms Thread 9" [_thread_blocked, id=16736, stack(0x0000000b0df00000,0x0000000b0e000000)]
  0x00000191c054bbf0 JavaThread "jar transforms Thread 10" [_thread_blocked, id=9132, stack(0x0000000b0e000000,0x0000000b0e100000)]
  0x00000191c054c100 JavaThread "jar transforms Thread 11" [_thread_blocked, id=6248, stack(0x0000000b0e100000,0x0000000b0e200000)]
  0x00000191c054acc0 JavaThread "Unconstrained build operations Thread 20" [_thread_blocked, id=27420, stack(0x0000000b0e200000,0x0000000b0e300000)]
  0x00000191c054c610 JavaThread "jar transforms Thread 12" [_thread_blocked, id=26596, stack(0x0000000b0e400000,0x0000000b0e500000)]
  0x00000191c0548e60 JavaThread "jar transforms Thread 13" [_thread_blocked, id=34332, stack(0x0000000b0e600000,0x0000000b0e700000)]
  0x00000191c054a2a0 JavaThread "jar transforms Thread 14" [_thread_blocked, id=25568, stack(0x0000000b0e700000,0x0000000b0e800000)]
  0x00000191c0549d90 JavaThread "jar transforms Thread 15" [_thread_blocked, id=2016, stack(0x0000000b0e800000,0x0000000b0e900000)]
  0x00000191c054cb20 JavaThread "jar transforms Thread 16" [_thread_blocked, id=26892, stack(0x0000000b0e900000,0x0000000b0ea00000)]
  0x00000191c054fdc0 JavaThread "File lock release action executor" [_thread_blocked, id=24740, stack(0x0000000b0e500000,0x0000000b0e600000)]
  0x00000191c2eb3b80 JavaThread "C2 CompilerThread1" daemon [_thread_in_native, id=11364, stack(0x0000000b0ad00000,0x0000000b0ae00000)]
  0x00000191c2eb40d0 JavaThread "C1 CompilerThread1" daemon [_thread_blocked, id=26352, stack(0x0000000b08300000,0x0000000b08400000)]
=>0x00000191c2eb5b60 JavaThread "C2 CompilerThread2" daemon [_thread_in_native, id=33536, stack(0x0000000b0b400000,0x0000000b0b500000)]

Other Threads:
  0x00000191ff8efd50 VMThread "VM Thread" [stack: 0x0000000b07700000,0x0000000b07800000] [id=31904]
  0x000001919a52ab80 WatcherThread [stack: 0x0000000b08600000,0x0000000b08700000] [id=3780]
  0x00000191fbf403c0 GCTaskThread "GC Thread#0" [stack: 0x0000000b07200000,0x0000000b07300000] [id=18312]
  0x000001919ae5cf20 GCTaskThread "GC Thread#1" [stack: 0x0000000b08a00000,0x0000000b08b00000] [id=21096]
  0x000001919ae5e5a0 GCTaskThread "GC Thread#2" [stack: 0x0000000b08b00000,0x0000000b08c00000] [id=2924]
  0x000001919ae5dd30 GCTaskThread "GC Thread#3" [stack: 0x0000000b08c00000,0x0000000b08d00000] [id=27500]
  0x000001919ae5d790 GCTaskThread "GC Thread#4" [stack: 0x0000000b08d00000,0x0000000b08e00000] [id=34080]
  0x00000191b7168310 GCTaskThread "GC Thread#5" [stack: 0x0000000b09e00000,0x0000000b09f00000] [id=31780]
  0x00000191b71688b0 GCTaskThread "GC Thread#6" [stack: 0x0000000b09f00000,0x0000000b0a000000] [id=28952]
  0x00000191b7167230 GCTaskThread "GC Thread#7" [stack: 0x0000000b0a000000,0x0000000b0a100000] [id=7788]
  0x00000191b7165bb0 GCTaskThread "GC Thread#8" [stack: 0x0000000b0a100000,0x0000000b0a200000] [id=15516]
  0x00000191b71666f0 GCTaskThread "GC Thread#9" [stack: 0x0000000b0a200000,0x0000000b0a300000] [id=24884]
  0x00000191b71685e0 GCTaskThread "GC Thread#10" [stack: 0x0000000b0a300000,0x0000000b0a400000] [id=20028]
  0x00000191b71658e0 GCTaskThread "GC Thread#11" [stack: 0x0000000b0a400000,0x0000000b0a500000] [id=22124]
  0x00000191b7165e80 GCTaskThread "GC Thread#12" [stack: 0x0000000b0a500000,0x0000000b0a600000] [id=24000]
  0x00000191fbf4d230 ConcurrentGCThread "G1 Main Marker" [stack: 0x0000000b07300000,0x0000000b07400000] [id=33464]
  0x00000191fbf4e830 ConcurrentGCThread "G1 Conc#0" [stack: 0x0000000b07400000,0x0000000b07500000] [id=14724]
  0x00000191b7168b80 ConcurrentGCThread "G1 Conc#1" [stack: 0x0000000b0a600000,0x0000000b0a700000] [id=5412]
  0x00000191b7166150 ConcurrentGCThread "G1 Conc#2" [stack: 0x0000000b0a700000,0x0000000b0a800000] [id=2208]
  0x00000191fbf9e270 ConcurrentGCThread "G1 Refine#0" [stack: 0x0000000b07500000,0x0000000b07600000] [id=25196]
  0x00000191babf56b0 ConcurrentGCThread "G1 Refine#1" [stack: 0x0000000b0e300000,0x0000000b0e400000] [id=7524]
  0x00000191fbf9ea60 ConcurrentGCThread "G1 Service" [stack: 0x0000000b07600000,0x0000000b07700000] [id=15676]

Threads with active compile tasks:
C2 CompilerThread1  49599 17859       4       org.gradle.internal.execution.impl.DefaultOutputSnapshotter::snapshotOutputs (25 bytes)
C2 CompilerThread2  49599 17850       4       org.gradle.api.internal.artifacts.ivyservice.resolveengine.artifact.ArtifactVisitorToResolvedFileVisitorAdapter::visitArtifact (17 bytes)

VM state: not at safepoint (normal execution)

VM Mutex/Monitor currently owned by a thread: None

Heap address: 0x0000000100000000, size: 1536 MB, Compressed Oops mode: Zero based, Oop shift amount: 3

CDS archive(s) mapped at: [0x000001919b000000-0x000001919bbb0000-0x000001919bbb0000), size 12255232, SharedBaseAddress: 0x000001919b000000, ArchiveRelocationMode: 1.
Compressed class space mapped at: 0x000001919c000000-0x00000191b0000000, reserved size: 335544320
Narrow klass base: 0x000001919b000000, Narrow klass shift: 0, Narrow klass range: 0x100000000

GC Precious Log:
 CPUs: 16 total, 16 available
 Memory: 15591M
 Large Page Support: Disabled
 NUMA Support: Disabled
 Compressed Oops: Enabled (Zero based)
 Heap Region Size: 1M
 Heap Min Capacity: 8M
 Heap Initial Capacity: 244M
 Heap Max Capacity: 1536M
 Pre-touch: Disabled
 Parallel Workers: 13
 Concurrent Workers: 3
 Concurrent Refinement Workers: 13
 Periodic GC: Disabled

Heap:
 garbage-first heap   total 355328K, used 285823K [0x0000000100000000, 0x0000000160000000)
  region size 1024K, 23 young (23552K), 6 survivors (6144K)
 Metaspace       used 115267K, committed 116800K, reserved 458752K
  class space    used 15959K, committed 16640K, reserved 327680K

Heap Regions: E=young(eden), S=young(survivor), O=old, HS=humongous(starts), HC=humongous(continues), CS=collection set, F=free, OA=open archive, CA=closed archive, TAMS=top-at-mark-start (previous, next)
|   0|0x0000000100000000, 0x0000000100100000, 0x0000000100100000|100%|HS|  |TAMS 0x0000000100100000, 0x0000000100000000| Complete 
|   1|0x0000000100100000, 0x0000000100200000, 0x0000000100200000|100%|HC|  |TAMS 0x0000000100200000, 0x0000000100100000| Complete 
|   2|0x0000000100200000, 0x0000000100300000, 0x0000000100300000|100%|HC|  |TAMS 0x0000000100300000, 0x0000000100200000| Complete 
|   3|0x0000000100300000, 0x0000000100400000, 0x0000000100400000|100%|HC|  |TAMS 0x0000000100400000, 0x0000000100300000| Complete 
|   4|0x0000000100400000, 0x0000000100500000, 0x0000000100500000|100%| O|  |TAMS 0x0000000100500000, 0x0000000100400000| Untracked 
|   5|0x0000000100500000, 0x0000000100600000, 0x0000000100600000|100%| O|  |TAMS 0x0000000100600000, 0x0000000100500000| Untracked 
|   6|0x0000000100600000, 0x0000000100700000, 0x0000000100700000|100%| O|  |TAMS 0x0000000100700000, 0x0000000100600000| Untracked 
|   7|0x0000000100700000, 0x0000000100800000, 0x0000000100800000|100%| O|  |TAMS 0x0000000100800000, 0x0000000100700000| Untracked 
|   8|0x0000000100800000, 0x0000000100900000, 0x0000000100900000|100%| O|  |TAMS 0x0000000100900000, 0x0000000100800000| Untracked 
|   9|0x0000000100900000, 0x0000000100a00000, 0x0000000100a00000|100%| O|  |TAMS 0x0000000100a00000, 0x0000000100900000| Untracked 
|  10|0x0000000100a00000, 0x0000000100b00000, 0x0000000100b00000|100%| O|  |TAMS 0x0000000100b00000, 0x0000000100a00000| Untracked 
|  11|0x0000000100b00000, 0x0000000100c00000, 0x0000000100c00000|100%|HS|  |TAMS 0x0000000100c00000, 0x0000000100b00000| Complete 
|  12|0x0000000100c00000, 0x0000000100d00000, 0x0000000100d00000|100%| O|  |TAMS 0x0000000100d00000, 0x0000000100c00000| Untracked 
|  13|0x0000000100d00000, 0x0000000100e00000, 0x0000000100e00000|100%| O|  |TAMS 0x0000000100e00000, 0x0000000100d00000| Untracked 
|  14|0x0000000100e00000, 0x0000000100f00000, 0x0000000100f00000|100%| O|  |TAMS 0x0000000100f00000, 0x0000000100e00000| Untracked 
|  15|0x0000000100f00000, 0x0000000101000000, 0x0000000101000000|100%| O|  |TAMS 0x0000000101000000, 0x0000000100f00000| Untracked 
|  16|0x0000000101000000, 0x0000000101100000, 0x0000000101100000|100%| O|  |TAMS 0x0000000101100000, 0x0000000101000000| Untracked 
|  17|0x0000000101100000, 0x0000000101200000, 0x0000000101200000|100%| O|  |TAMS 0x0000000101200000, 0x0000000101100000| Untracked 
|  18|0x0000000101200000, 0x0000000101300000, 0x0000000101300000|100%| O|  |TAMS 0x0000000101300000, 0x0000000101200000| Untracked 
|  19|0x0000000101300000, 0x0000000101400000, 0x0000000101400000|100%| O|  |TAMS 0x0000000101400000, 0x0000000101300000| Untracked 
|  20|0x0000000101400000, 0x0000000101500000, 0x0000000101500000|100%| O|  |TAMS 0x0000000101500000, 0x0000000101400000| Untracked 
|  21|0x0000000101500000, 0x0000000101600000, 0x0000000101600000|100%| O|  |TAMS 0x0000000101600000, 0x0000000101500000| Untracked 
|  22|0x0000000101600000, 0x0000000101700000, 0x0000000101700000|100%| O|  |TAMS 0x0000000101700000, 0x0000000101600000| Untracked 
|  23|0x0000000101700000, 0x0000000101800000, 0x0000000101800000|100%| O|  |TAMS 0x0000000101800000, 0x0000000101700000| Untracked 
|  24|0x0000000101800000, 0x0000000101900000, 0x0000000101900000|100%| O|  |TAMS 0x0000000101900000, 0x0000000101800000| Untracked 
|  25|0x0000000101900000, 0x0000000101a00000, 0x0000000101a00000|100%| O|  |TAMS 0x0000000101a00000, 0x0000000101900000| Untracked 
|  26|0x0000000101a00000, 0x0000000101b00000, 0x0000000101b00000|100%| O|  |TAMS 0x0000000101b00000, 0x0000000101a00000| Untracked 
|  27|0x0000000101b00000, 0x0000000101c00000, 0x0000000101c00000|100%| O|  |TAMS 0x0000000101c00000, 0x0000000101b00000| Untracked 
|  28|0x0000000101c00000, 0x0000000101d00000, 0x0000000101d00000|100%| O|  |TAMS 0x0000000101d00000, 0x0000000101c00000| Untracked 
|  29|0x0000000101d00000, 0x0000000101e00000, 0x0000000101e00000|100%| O|  |TAMS 0x0000000101e00000, 0x0000000101d00000| Untracked 
|  30|0x0000000101e00000, 0x0000000101f00000, 0x0000000101f00000|100%| O|  |TAMS 0x0000000101f00000, 0x0000000101e00000| Untracked 
|  31|0x0000000101f00000, 0x0000000102000000, 0x0000000102000000|100%| O|  |TAMS 0x0000000102000000, 0x0000000101f00000| Untracked 
|  32|0x0000000102000000, 0x0000000102100000, 0x0000000102100000|100%| O|  |TAMS 0x0000000102100000, 0x0000000102000000| Untracked 
|  33|0x0000000102100000, 0x0000000102200000, 0x0000000102200000|100%| O|  |TAMS 0x0000000102200000, 0x0000000102100000| Untracked 
|  34|0x0000000102200000, 0x0000000102300000, 0x0000000102300000|100%| O|  |TAMS 0x0000000102300000, 0x0000000102200000| Untracked 
|  35|0x0000000102300000, 0x0000000102400000, 0x0000000102400000|100%| O|  |TAMS 0x0000000102400000, 0x0000000102300000| Untracked 
|  36|0x0000000102400000, 0x0000000102500000, 0x0000000102500000|100%| O|  |TAMS 0x0000000102500000, 0x0000000102400000| Untracked 
|  37|0x0000000102500000, 0x0000000102600000, 0x0000000102600000|100%| O|  |TAMS 0x0000000102600000, 0x0000000102500000| Untracked 
|  38|0x0000000102600000, 0x0000000102700000, 0x0000000102700000|100%| O|  |TAMS 0x0000000102700000, 0x0000000102600000| Untracked 
|  39|0x0000000102700000, 0x0000000102800000, 0x0000000102800000|100%| O|  |TAMS 0x0000000102800000, 0x0000000102700000| Untracked 
|  40|0x0000000102800000, 0x0000000102900000, 0x0000000102900000|100%| O|  |TAMS 0x0000000102900000, 0x0000000102800000| Untracked 
|  41|0x0000000102900000, 0x0000000102a00000, 0x0000000102a00000|100%| O|  |TAMS 0x0000000102a00000, 0x0000000102900000| Untracked 
|  42|0x0000000102a00000, 0x0000000102b00000, 0x0000000102b00000|100%| O|  |TAMS 0x0000000102b00000, 0x0000000102a00000| Untracked 
|  43|0x0000000102b00000, 0x0000000102c00000, 0x0000000102c00000|100%| O|  |TAMS 0x0000000102c00000, 0x0000000102b00000| Untracked 
|  44|0x0000000102c00000, 0x0000000102d00000, 0x0000000102d00000|100%| O|  |TAMS 0x0000000102d00000, 0x0000000102c00000| Untracked 
|  45|0x0000000102d00000, 0x0000000102e00000, 0x0000000102e00000|100%| O|  |TAMS 0x0000000102e00000, 0x0000000102d00000| Untracked 
|  46|0x0000000102e00000, 0x0000000102f00000, 0x0000000102f00000|100%| O|  |TAMS 0x0000000102f00000, 0x0000000102e00000| Untracked 
|  47|0x0000000102f00000, 0x0000000103000000, 0x0000000103000000|100%| O|  |TAMS 0x0000000102f00000, 0x0000000102f00000| Untracked 
|  48|0x0000000103000000, 0x0000000103100000, 0x0000000103100000|100%| O|  |TAMS 0x0000000103000000, 0x0000000103000000| Untracked 
|  49|0x0000000103100000, 0x0000000103200000, 0x0000000103200000|100%|HS|  |TAMS 0x0000000103200000, 0x0000000103100000| Complete 
|  50|0x0000000103200000, 0x0000000103300000, 0x0000000103300000|100%|HC|  |TAMS 0x0000000103300000, 0x0000000103200000| Complete 
|  51|0x0000000103300000, 0x0000000103400000, 0x0000000103400000|100%|HS|  |TAMS 0x0000000103400000, 0x0000000103300000| Complete 
|  52|0x0000000103400000, 0x0000000103500000, 0x0000000103500000|100%|HC|  |TAMS 0x0000000103500000, 0x0000000103400000| Complete 
|  53|0x0000000103500000, 0x0000000103600000, 0x0000000103600000|100%|HS|  |TAMS 0x0000000103600000, 0x0000000103500000| Complete 
|  54|0x0000000103600000, 0x0000000103700000, 0x0000000103700000|100%|HC|  |TAMS 0x0000000103700000, 0x0000000103600000| Complete 
|  55|0x0000000103700000, 0x0000000103800000, 0x0000000103800000|100%|HC|  |TAMS 0x0000000103800000, 0x0000000103700000| Complete 
|  56|0x0000000103800000, 0x0000000103900000, 0x0000000103900000|100%|HC|  |TAMS 0x0000000103900000, 0x0000000103800000| Complete 
|  57|0x0000000103900000, 0x0000000103a00000, 0x0000000103a00000|100%|HS|  |TAMS 0x0000000103a00000, 0x0000000103900000| Complete 
|  58|0x0000000103a00000, 0x0000000103b00000, 0x0000000103b00000|100%|HC|  |TAMS 0x0000000103b00000, 0x0000000103a00000| Complete 
|  59|0x0000000103b00000, 0x0000000103c00000, 0x0000000103c00000|100%|HC|  |TAMS 0x0000000103c00000, 0x0000000103b00000| Complete 
|  60|0x0000000103c00000, 0x0000000103d00000, 0x0000000103d00000|100%|HC|  |TAMS 0x0000000103d00000, 0x0000000103c00000| Complete 
|  61|0x0000000103d00000, 0x0000000103e00000, 0x0000000103e00000|100%| O|  |TAMS 0x0000000103e00000, 0x0000000103d00000| Untracked 
|  62|0x0000000103e00000, 0x0000000103f00000, 0x0000000103f00000|100%| O|  |TAMS 0x0000000103f00000, 0x0000000103e00000| Untracked 
|  63|0x0000000103f00000, 0x0000000104000000, 0x0000000104000000|100%| O|  |TAMS 0x0000000104000000, 0x0000000103f00000| Untracked 
|  64|0x0000000104000000, 0x0000000104100000, 0x0000000104100000|100%| O|  |TAMS 0x0000000104000000, 0x0000000104000000| Untracked 
|  65|0x0000000104100000, 0x0000000104200000, 0x0000000104200000|100%| O|  |TAMS 0x0000000104200000, 0x0000000104100000| Untracked 
|  66|0x0000000104200000, 0x0000000104300000, 0x0000000104300000|100%| O|  |TAMS 0x0000000104300000, 0x0000000104200000| Untracked 
|  67|0x0000000104300000, 0x00000001043ffff8, 0x0000000104400000| 99%| O|  |TAMS 0x00000001043ffff8, 0x0000000104300000| Untracked 
|  68|0x0000000104400000, 0x0000000104500000, 0x0000000104500000|100%| O|  |TAMS 0x0000000104500000, 0x0000000104400000| Untracked 
|  69|0x0000000104500000, 0x0000000104600000, 0x0000000104600000|100%| O|  |TAMS 0x0000000104600000, 0x0000000104500000| Untracked 
|  70|0x0000000104600000, 0x0000000104700000, 0x0000000104700000|100%| O|  |TAMS 0x0000000104700000, 0x0000000104600000| Untracked 
|  71|0x0000000104700000, 0x0000000104800000, 0x0000000104800000|100%| O|  |TAMS 0x0000000104800000, 0x0000000104700000| Untracked 
|  72|0x0000000104800000, 0x0000000104900000, 0x0000000104900000|100%| O|  |TAMS 0x0000000104900000, 0x0000000104800000| Untracked 
|  73|0x0000000104900000, 0x0000000104a00000, 0x0000000104a00000|100%| O|  |TAMS 0x0000000104900000, 0x0000000104900000| Untracked 
|  74|0x0000000104a00000, 0x0000000104b00000, 0x0000000104b00000|100%| O|  |TAMS 0x0000000104a00000, 0x0000000104a00000| Untracked 
|  75|0x0000000104b00000, 0x0000000104c00000, 0x0000000104c00000|100%| O|  |TAMS 0x0000000104c00000, 0x0000000104b00000| Untracked 
|  76|0x0000000104c00000, 0x0000000104d00000, 0x0000000104d00000|100%| O|  |TAMS 0x0000000104d00000, 0x0000000104c00000| Untracked 
|  77|0x0000000104d00000, 0x0000000104e00000, 0x0000000104e00000|100%| O|  |TAMS 0x0000000104e00000, 0x0000000104d00000| Untracked 
|  78|0x0000000104e00000, 0x0000000104f00000, 0x0000000104f00000|100%| O|  |TAMS 0x0000000104f00000, 0x0000000104e00000| Untracked 
|  79|0x0000000104f00000, 0x0000000105000000, 0x0000000105000000|100%| O|  |TAMS 0x0000000105000000, 0x0000000104f00000| Untracked 
|  80|0x0000000105000000, 0x0000000105100000, 0x0000000105100000|100%| O|  |TAMS 0x0000000105100000, 0x0000000105000000| Untracked 
|  81|0x0000000105100000, 0x0000000105200000, 0x0000000105200000|100%| O|  |TAMS 0x0000000105200000, 0x0000000105100000| Untracked 
|  82|0x0000000105200000, 0x0000000105300000, 0x0000000105300000|100%| O|  |TAMS 0x0000000105300000, 0x0000000105200000| Untracked 
|  83|0x0000000105300000, 0x0000000105400000, 0x0000000105400000|100%| O|  |TAMS 0x0000000105400000, 0x0000000105300000| Untracked 
|  84|0x0000000105400000, 0x0000000105500000, 0x0000000105500000|100%| O|  |TAMS 0x0000000105500000, 0x0000000105400000| Untracked 
|  85|0x0000000105500000, 0x0000000105600000, 0x0000000105600000|100%|HS|  |TAMS 0x0000000105600000, 0x0000000105500000| Complete 
|  86|0x0000000105600000, 0x0000000105700000, 0x0000000105700000|100%|HS|  |TAMS 0x0000000105700000, 0x0000000105600000| Complete 
|  87|0x0000000105700000, 0x0000000105800000, 0x0000000105800000|100%|HS|  |TAMS 0x0000000105800000, 0x0000000105700000| Complete 
|  88|0x0000000105800000, 0x0000000105900000, 0x0000000105900000|100%|HS|  |TAMS 0x0000000105900000, 0x0000000105800000| Complete 
|  89|0x0000000105900000, 0x0000000105a00000, 0x0000000105a00000|100%| O|  |TAMS 0x0000000105a00000, 0x0000000105900000| Untracked 
|  90|0x0000000105a00000, 0x0000000105b00000, 0x0000000105b00000|100%|HS|  |TAMS 0x0000000105b00000, 0x0000000105a00000| Complete 
|  91|0x0000000105b00000, 0x0000000105c00000, 0x0000000105c00000|100%|HS|  |TAMS 0x0000000105c00000, 0x0000000105b00000| Complete 
|  92|0x0000000105c00000, 0x0000000105d00000, 0x0000000105d00000|100%| O|  |TAMS 0x0000000105d00000, 0x0000000105c00000| Untracked 
|  93|0x0000000105d00000, 0x0000000105e00000, 0x0000000105e00000|100%| O|  |TAMS 0x0000000105e00000, 0x0000000105d00000| Untracked 
|  94|0x0000000105e00000, 0x0000000105f00000, 0x0000000105f00000|100%| O|  |TAMS 0x0000000105f00000, 0x0000000105e00000| Untracked 
|  95|0x0000000105f00000, 0x0000000106000000, 0x0000000106000000|100%| O|  |TAMS 0x0000000106000000, 0x0000000105f00000| Untracked 
|  96|0x0000000106000000, 0x0000000106100000, 0x0000000106100000|100%| O|  |TAMS 0x0000000106100000, 0x0000000106000000| Untracked 
|  97|0x0000000106100000, 0x0000000106200000, 0x0000000106200000|100%|HS|  |TAMS 0x0000000106200000, 0x0000000106100000| Complete 
|  98|0x0000000106200000, 0x0000000106300000, 0x0000000106300000|100%| O|  |TAMS 0x0000000106300000, 0x0000000106200000| Untracked 
|  99|0x0000000106300000, 0x0000000106400000, 0x0000000106400000|100%| O|  |TAMS 0x0000000106400000, 0x0000000106300000| Untracked 
| 100|0x0000000106400000, 0x0000000106500000, 0x0000000106500000|100%| O|  |TAMS 0x0000000106500000, 0x0000000106400000| Untracked 
| 101|0x0000000106500000, 0x0000000106600000, 0x0000000106600000|100%| O|  |TAMS 0x0000000106600000, 0x0000000106500000| Untracked 
| 102|0x0000000106600000, 0x0000000106700000, 0x0000000106700000|100%| O|  |TAMS 0x0000000106700000, 0x0000000106600000| Untracked 
| 103|0x0000000106700000, 0x0000000106800000, 0x0000000106800000|100%| O|  |TAMS 0x0000000106800000, 0x0000000106700000| Untracked 
| 104|0x0000000106800000, 0x0000000106900000, 0x0000000106900000|100%| O|  |TAMS 0x0000000106900000, 0x0000000106800000| Untracked 
| 105|0x0000000106900000, 0x0000000106a00000, 0x0000000106a00000|100%| O|  |TAMS 0x0000000106a00000, 0x0000000106900000| Untracked 
| 106|0x0000000106a00000, 0x0000000106b00000, 0x0000000106b00000|100%| O|  |TAMS 0x0000000106b00000, 0x0000000106a00000| Untracked 
| 107|0x0000000106b00000, 0x0000000106c00000, 0x0000000106c00000|100%| O|  |TAMS 0x0000000106c00000, 0x0000000106b00000| Untracked 
| 108|0x0000000106c00000, 0x0000000106d00000, 0x0000000106d00000|100%| O|  |TAMS 0x0000000106d00000, 0x0000000106c00000| Untracked 
| 109|0x0000000106d00000, 0x0000000106e00000, 0x0000000106e00000|100%| O|  |TAMS 0x0000000106e00000, 0x0000000106d00000| Untracked 
| 110|0x0000000106e00000, 0x0000000106f00000, 0x0000000106f00000|100%| O|  |TAMS 0x0000000106f00000, 0x0000000106e00000| Untracked 
| 111|0x0000000106f00000, 0x0000000107000000, 0x0000000107000000|100%| O|  |TAMS 0x0000000107000000, 0x0000000106f00000| Untracked 
| 112|0x0000000107000000, 0x0000000107100000, 0x0000000107100000|100%| O|  |TAMS 0x0000000107100000, 0x0000000107000000| Untracked 
| 113|0x0000000107100000, 0x0000000107200000, 0x0000000107200000|100%| O|  |TAMS 0x0000000107200000, 0x0000000107100000| Untracked 
| 114|0x0000000107200000, 0x0000000107300000, 0x0000000107300000|100%| O|  |TAMS 0x0000000107300000, 0x0000000107200000| Untracked 
| 115|0x0000000107300000, 0x0000000107400000, 0x0000000107400000|100%| O|  |TAMS 0x0000000107400000, 0x0000000107300000| Untracked 
| 116|0x0000000107400000, 0x0000000107500000, 0x0000000107500000|100%| O|  |TAMS 0x0000000107500000, 0x0000000107400000| Untracked 
| 117|0x0000000107500000, 0x0000000107600000, 0x0000000107600000|100%| O|  |TAMS 0x0000000107600000, 0x0000000107500000| Untracked 
| 118|0x0000000107600000, 0x0000000107700000, 0x0000000107700000|100%| O|  |TAMS 0x0000000107700000, 0x0000000107600000| Untracked 
| 119|0x0000000107700000, 0x0000000107800000, 0x0000000107800000|100%| O|  |TAMS 0x0000000107800000, 0x0000000107700000| Untracked 
| 120|0x0000000107800000, 0x0000000107900000, 0x0000000107900000|100%| O|  |TAMS 0x0000000107900000, 0x0000000107800000| Untracked 
| 121|0x0000000107900000, 0x0000000107a00000, 0x0000000107a00000|100%| O|  |TAMS 0x0000000107a00000, 0x0000000107900000| Untracked 
| 122|0x0000000107a00000, 0x0000000107b00000, 0x0000000107b00000|100%| O|  |TAMS 0x0000000107b00000, 0x0000000107a00000| Untracked 
| 123|0x0000000107b00000, 0x0000000107c00000, 0x0000000107c00000|100%| O|  |TAMS 0x0000000107c00000, 0x0000000107b00000| Untracked 
| 124|0x0000000107c00000, 0x0000000107d00000, 0x0000000107d00000|100%| O|  |TAMS 0x0000000107d00000, 0x0000000107c00000| Untracked 
| 125|0x0000000107d00000, 0x0000000107e00000, 0x0000000107e00000|100%| O|  |TAMS 0x0000000107e00000, 0x0000000107d00000| Untracked 
| 126|0x0000000107e00000, 0x0000000107f00000, 0x0000000107f00000|100%| O|  |TAMS 0x0000000107f00000, 0x0000000107e00000| Untracked 
| 127|0x0000000107f00000, 0x0000000108000000, 0x0000000108000000|100%| O|  |TAMS 0x0000000108000000, 0x0000000107f00000| Untracked 
| 128|0x0000000108000000, 0x0000000108100000, 0x0000000108100000|100%| O|  |TAMS 0x0000000108100000, 0x0000000108000000| Untracked 
| 129|0x0000000108100000, 0x0000000108200000, 0x0000000108200000|100%| O|  |TAMS 0x0000000108200000, 0x0000000108100000| Untracked 
| 130|0x0000000108200000, 0x0000000108300000, 0x0000000108300000|100%| O|  |TAMS 0x0000000108300000, 0x0000000108200000| Untracked 
| 131|0x0000000108300000, 0x0000000108400000, 0x0000000108400000|100%| O|  |TAMS 0x0000000108400000, 0x0000000108300000| Untracked 
| 132|0x0000000108400000, 0x0000000108500000, 0x0000000108500000|100%| O|  |TAMS 0x0000000108500000, 0x0000000108400000| Untracked 
| 133|0x0000000108500000, 0x0000000108600000, 0x0000000108600000|100%| O|  |TAMS 0x0000000108600000, 0x0000000108500000| Untracked 
| 134|0x0000000108600000, 0x0000000108700000, 0x0000000108700000|100%| O|  |TAMS 0x0000000108700000, 0x0000000108600000| Untracked 
| 135|0x0000000108700000, 0x0000000108800000, 0x0000000108800000|100%| O|  |TAMS 0x0000000108800000, 0x0000000108700000| Untracked 
| 136|0x0000000108800000, 0x0000000108900000, 0x0000000108900000|100%| O|  |TAMS 0x0000000108900000, 0x0000000108800000| Untracked 
| 137|0x0000000108900000, 0x0000000108a00000, 0x0000000108a00000|100%| O|  |TAMS 0x0000000108a00000, 0x0000000108900000| Untracked 
| 138|0x0000000108a00000, 0x0000000108b00000, 0x0000000108b00000|100%| O|  |TAMS 0x0000000108b00000, 0x0000000108a00000| Untracked 
| 139|0x0000000108b00000, 0x0000000108c00000, 0x0000000108c00000|100%| O|  |TAMS 0x0000000108c00000, 0x0000000108b00000| Untracked 
| 140|0x0000000108c00000, 0x0000000108d00000, 0x0000000108d00000|100%| O|  |TAMS 0x0000000108d00000, 0x0000000108c00000| Untracked 
| 141|0x0000000108d00000, 0x0000000108e00000, 0x0000000108e00000|100%| O|  |TAMS 0x0000000108d00000, 0x0000000108d00000| Untracked 
| 142|0x0000000108e00000, 0x0000000108f00000, 0x0000000108f00000|100%| O|  |TAMS 0x0000000108f00000, 0x0000000108e00000| Untracked 
| 143|0x0000000108f00000, 0x0000000109000000, 0x0000000109000000|100%| O|  |TAMS 0x0000000109000000, 0x0000000108f00000| Untracked 
| 144|0x0000000109000000, 0x0000000109100000, 0x0000000109100000|100%| O|  |TAMS 0x0000000109100000, 0x0000000109000000| Untracked 
| 145|0x0000000109100000, 0x0000000109200000, 0x0000000109200000|100%|HS|  |TAMS 0x0000000109200000, 0x0000000109100000| Complete 
| 146|0x0000000109200000, 0x0000000109300000, 0x0000000109300000|100%|HS|  |TAMS 0x0000000109300000, 0x0000000109200000| Complete 
| 147|0x0000000109300000, 0x0000000109400000, 0x0000000109400000|100%| O|  |TAMS 0x0000000109300000, 0x0000000109300000| Untracked 
| 148|0x0000000109400000, 0x0000000109500000, 0x0000000109500000|100%| O|  |TAMS 0x0000000109400000, 0x0000000109400000| Untracked 
| 149|0x0000000109500000, 0x00000001095ffff8, 0x0000000109600000| 99%| O|  |TAMS 0x00000001095ffff8, 0x0000000109500000| Untracked 
| 150|0x0000000109600000, 0x0000000109700000, 0x0000000109700000|100%|HS|  |TAMS 0x0000000109700000, 0x0000000109600000| Complete 
| 151|0x0000000109700000, 0x0000000109800000, 0x0000000109800000|100%|HC|  |TAMS 0x0000000109800000, 0x0000000109700000| Complete 
| 152|0x0000000109800000, 0x0000000109900000, 0x0000000109900000|100%| O|  |TAMS 0x0000000109900000, 0x0000000109800000| Untracked 
| 153|0x0000000109900000, 0x0000000109a00000, 0x0000000109a00000|100%| O|  |TAMS 0x0000000109a00000, 0x0000000109900000| Untracked 
| 154|0x0000000109a00000, 0x0000000109b00000, 0x0000000109b00000|100%| O|  |TAMS 0x0000000109b00000, 0x0000000109a00000| Untracked 
| 155|0x0000000109b00000, 0x0000000109c00000, 0x0000000109c00000|100%| O|  |TAMS 0x0000000109c00000, 0x0000000109b00000| Untracked 
| 156|0x0000000109c00000, 0x0000000109d00000, 0x0000000109d00000|100%| O|  |TAMS 0x0000000109d00000, 0x0000000109c00000| Untracked 
| 157|0x0000000109d00000, 0x0000000109e00000, 0x0000000109e00000|100%| O|  |TAMS 0x0000000109e00000, 0x0000000109d00000| Untracked 
| 158|0x0000000109e00000, 0x0000000109f00000, 0x0000000109f00000|100%| O|  |TAMS 0x0000000109f00000, 0x0000000109e00000| Untracked 
| 159|0x0000000109f00000, 0x000000010a000000, 0x000000010a000000|100%| O|  |TAMS 0x000000010a000000, 0x0000000109f00000| Untracked 
| 160|0x000000010a000000, 0x000000010a100000, 0x000000010a100000|100%| O|  |TAMS 0x000000010a100000, 0x000000010a000000| Untracked 
| 161|0x000000010a100000, 0x000000010a200000, 0x000000010a200000|100%| O|  |TAMS 0x000000010a200000, 0x000000010a100000| Untracked 
| 162|0x000000010a200000, 0x000000010a300000, 0x000000010a300000|100%| O|  |TAMS 0x000000010a300000, 0x000000010a200000| Untracked 
| 163|0x000000010a300000, 0x000000010a400000, 0x000000010a400000|100%| O|  |TAMS 0x000000010a400000, 0x000000010a300000| Untracked 
| 164|0x000000010a400000, 0x000000010a500000, 0x000000010a500000|100%| O|  |TAMS 0x000000010a500000, 0x000000010a400000| Untracked 
| 165|0x000000010a500000, 0x000000010a600000, 0x000000010a600000|100%| O|  |TAMS 0x000000010a600000, 0x000000010a500000| Untracked 
| 166|0x000000010a600000, 0x000000010a700000, 0x000000010a700000|100%| O|  |TAMS 0x000000010a700000, 0x000000010a600000| Untracked 
| 167|0x000000010a700000, 0x000000010a800000, 0x000000010a800000|100%| O|  |TAMS 0x000000010a800000, 0x000000010a700000| Untracked 
| 168|0x000000010a800000, 0x000000010a900000, 0x000000010a900000|100%| O|  |TAMS 0x000000010a900000, 0x000000010a800000| Untracked 
| 169|0x000000010a900000, 0x000000010aa00000, 0x000000010aa00000|100%| O|  |TAMS 0x000000010aa00000, 0x000000010a900000| Untracked 
| 170|0x000000010aa00000, 0x000000010ab00000, 0x000000010ab00000|100%|HS|  |TAMS 0x000000010ab00000, 0x000000010aa00000| Complete 
| 171|0x000000010ab00000, 0x000000010ac00000, 0x000000010ac00000|100%|HS|  |TAMS 0x000000010ac00000, 0x000000010ab00000| Complete 
| 172|0x000000010ac00000, 0x000000010ad00000, 0x000000010ad00000|100%| O|  |TAMS 0x000000010ac00000, 0x000000010ac00000| Untracked 
| 173|0x000000010ad00000, 0x000000010ae00000, 0x000000010ae00000|100%| O|  |TAMS 0x000000010ae00000, 0x000000010ad00000| Untracked 
| 174|0x000000010ae00000, 0x000000010af00000, 0x000000010af00000|100%| O|  |TAMS 0x000000010af00000, 0x000000010ae00000| Untracked 
| 175|0x000000010af00000, 0x000000010b000000, 0x000000010b000000|100%| O|  |TAMS 0x000000010b000000, 0x000000010af00000| Untracked 
| 176|0x000000010b000000, 0x000000010b100000, 0x000000010b100000|100%| O|  |TAMS 0x000000010b100000, 0x000000010b000000| Untracked 
| 177|0x000000010b100000, 0x000000010b200000, 0x000000010b200000|100%| O|  |TAMS 0x000000010b200000, 0x000000010b100000| Untracked 
| 178|0x000000010b200000, 0x000000010b300000, 0x000000010b300000|100%| O|  |TAMS 0x000000010b300000, 0x000000010b200000| Untracked 
| 179|0x000000010b300000, 0x000000010b400000, 0x000000010b400000|100%| O|  |TAMS 0x000000010b400000, 0x000000010b300000| Untracked 
| 180|0x000000010b400000, 0x000000010b500000, 0x000000010b500000|100%| O|  |TAMS 0x000000010b500000, 0x000000010b400000| Untracked 
| 181|0x000000010b500000, 0x000000010b600000, 0x000000010b600000|100%| O|  |TAMS 0x000000010b500000, 0x000000010b500000| Untracked 
| 182|0x000000010b600000, 0x000000010b700000, 0x000000010b700000|100%| O|  |TAMS 0x000000010b700000, 0x000000010b600000| Untracked 
| 183|0x000000010b700000, 0x000000010b800000, 0x000000010b800000|100%| O|  |TAMS 0x000000010b800000, 0x000000010b700000| Untracked 
| 184|0x000000010b800000, 0x000000010b900000, 0x000000010b900000|100%| O|  |TAMS 0x000000010b900000, 0x000000010b800000| Untracked 
| 185|0x000000010b900000, 0x000000010ba00000, 0x000000010ba00000|100%| O|  |TAMS 0x000000010ba00000, 0x000000010b900000| Untracked 
| 186|0x000000010ba00000, 0x000000010bb00000, 0x000000010bb00000|100%| O|  |TAMS 0x000000010bb00000, 0x000000010ba00000| Untracked 
| 187|0x000000010bb00000, 0x000000010bc00000, 0x000000010bc00000|100%| O|  |TAMS 0x000000010bc00000, 0x000000010bb00000| Untracked 
| 188|0x000000010bc00000, 0x000000010bd00000, 0x000000010bd00000|100%| O|  |TAMS 0x000000010bd00000, 0x000000010bc00000| Untracked 
| 189|0x000000010bd00000, 0x000000010be00000, 0x000000010be00000|100%| O|  |TAMS 0x000000010be00000, 0x000000010bd00000| Untracked 
| 190|0x000000010be00000, 0x000000010bf00000, 0x000000010bf00000|100%| O|  |TAMS 0x000000010bf00000, 0x000000010be00000| Untracked 
| 191|0x000000010bf00000, 0x000000010c000000, 0x000000010c000000|100%| O|  |TAMS 0x000000010c000000, 0x000000010bf00000| Untracked 
| 192|0x000000010c000000, 0x000000010c100000, 0x000000010c100000|100%| O|  |TAMS 0x000000010c050e00, 0x000000010c000000| Untracked 
| 193|0x000000010c100000, 0x000000010c200000, 0x000000010c200000|100%| O|  |TAMS 0x000000010c100000, 0x000000010c100000| Untracked 
| 194|0x000000010c200000, 0x000000010c300000, 0x000000010c300000|100%| O|  |TAMS 0x000000010c200000, 0x000000010c200000| Untracked 
| 195|0x000000010c300000, 0x000000010c400000, 0x000000010c400000|100%| O|  |TAMS 0x000000010c300000, 0x000000010c300000| Untracked 
| 196|0x000000010c400000, 0x000000010c500000, 0x000000010c500000|100%| O|  |TAMS 0x000000010c400000, 0x000000010c400000| Untracked 
| 197|0x000000010c500000, 0x000000010c600000, 0x000000010c600000|100%| O|  |TAMS 0x000000010c500000, 0x000000010c500000| Untracked 
| 198|0x000000010c600000, 0x000000010c700000, 0x000000010c700000|100%| O|  |TAMS 0x000000010c600000, 0x000000010c600000| Untracked 
| 199|0x000000010c700000, 0x000000010c800000, 0x000000010c800000|100%| O|  |TAMS 0x000000010c700000, 0x000000010c700000| Untracked 
| 200|0x000000010c800000, 0x000000010c900000, 0x000000010c900000|100%| O|  |TAMS 0x000000010c800000, 0x000000010c800000| Untracked 
| 201|0x000000010c900000, 0x000000010ca00000, 0x000000010ca00000|100%| O|  |TAMS 0x000000010c900000, 0x000000010c900000| Untracked 
| 202|0x000000010ca00000, 0x000000010cb00000, 0x000000010cb00000|100%| O|  |TAMS 0x000000010ca00000, 0x000000010ca00000| Untracked 
| 203|0x000000010cb00000, 0x000000010cc00000, 0x000000010cc00000|100%| O|  |TAMS 0x000000010cb00000, 0x000000010cb00000| Untracked 
| 204|0x000000010cc00000, 0x000000010cd00000, 0x000000010cd00000|100%| O|  |TAMS 0x000000010cc00000, 0x000000010cc00000| Untracked 
| 205|0x000000010cd00000, 0x000000010ce00000, 0x000000010ce00000|100%| O|  |TAMS 0x000000010cd00000, 0x000000010cd00000| Untracked 
| 206|0x000000010ce00000, 0x000000010cf00000, 0x000000010cf00000|100%| O|  |TAMS 0x000000010ce00000, 0x000000010ce00000| Untracked 
| 207|0x000000010cf00000, 0x000000010d000000, 0x000000010d000000|100%| O|  |TAMS 0x000000010cf00000, 0x000000010cf00000| Untracked 
| 208|0x000000010d000000, 0x000000010d100000, 0x000000010d100000|100%| O|  |TAMS 0x000000010d000000, 0x000000010d000000| Untracked 
| 209|0x000000010d100000, 0x000000010d200000, 0x000000010d200000|100%| O|  |TAMS 0x000000010d100000, 0x000000010d100000| Untracked 
| 210|0x000000010d200000, 0x000000010d300000, 0x000000010d300000|100%| O|  |TAMS 0x000000010d200000, 0x000000010d200000| Untracked 
| 211|0x000000010d300000, 0x000000010d400000, 0x000000010d400000|100%| O|  |TAMS 0x000000010d300000, 0x000000010d300000| Untracked 
| 212|0x000000010d400000, 0x000000010d500000, 0x000000010d500000|100%| O|  |TAMS 0x000000010d400000, 0x000000010d400000| Untracked 
| 213|0x000000010d500000, 0x000000010d600000, 0x000000010d600000|100%| O|  |TAMS 0x000000010d500000, 0x000000010d500000| Untracked 
| 214|0x000000010d600000, 0x000000010d700000, 0x000000010d700000|100%| O|  |TAMS 0x000000010d600000, 0x000000010d600000| Untracked 
| 215|0x000000010d700000, 0x000000010d800000, 0x000000010d800000|100%| O|  |TAMS 0x000000010d700000, 0x000000010d700000| Untracked 
| 216|0x000000010d800000, 0x000000010d900000, 0x000000010d900000|100%| O|  |TAMS 0x000000010d800000, 0x000000010d800000| Untracked 
| 217|0x000000010d900000, 0x000000010da00000, 0x000000010da00000|100%| O|  |TAMS 0x000000010d900000, 0x000000010d900000| Untracked 
| 218|0x000000010da00000, 0x000000010db00000, 0x000000010db00000|100%|HS|  |TAMS 0x000000010da00000, 0x000000010da00000| Complete 
| 219|0x000000010db00000, 0x000000010dc00000, 0x000000010dc00000|100%|HS|  |TAMS 0x000000010db00000, 0x000000010db00000| Complete 
| 220|0x000000010dc00000, 0x000000010dd00000, 0x000000010dd00000|100%|HS|  |TAMS 0x000000010dc00000, 0x000000010dc00000| Complete 
| 221|0x000000010dd00000, 0x000000010de00000, 0x000000010de00000|100%| O|  |TAMS 0x000000010dd00000, 0x000000010dd00000| Untracked 
| 222|0x000000010de00000, 0x000000010df00000, 0x000000010df00000|100%| O|  |TAMS 0x000000010de00000, 0x000000010de00000| Untracked 
| 223|0x000000010df00000, 0x000000010e000000, 0x000000010e000000|100%| O|  |TAMS 0x000000010df00000, 0x000000010df00000| Untracked 
| 224|0x000000010e000000, 0x000000010e100000, 0x000000010e100000|100%| O|  |TAMS 0x000000010e000000, 0x000000010e000000| Untracked 
| 225|0x000000010e100000, 0x000000010e200000, 0x000000010e200000|100%| O|  |TAMS 0x000000010e100000, 0x000000010e100000| Untracked 
| 226|0x000000010e200000, 0x000000010e300000, 0x000000010e300000|100%| O|  |TAMS 0x000000010e200000, 0x000000010e200000| Untracked 
| 227|0x000000010e300000, 0x000000010e400000, 0x000000010e400000|100%| O|  |TAMS 0x000000010e300000, 0x000000010e300000| Untracked 
| 228|0x000000010e400000, 0x000000010e500000, 0x000000010e500000|100%| O|  |TAMS 0x000000010e400000, 0x000000010e400000| Untracked 
| 229|0x000000010e500000, 0x000000010e600000, 0x000000010e600000|100%| O|  |TAMS 0x000000010e500000, 0x000000010e500000| Untracked 
| 230|0x000000010e600000, 0x000000010e700000, 0x000000010e700000|100%| O|  |TAMS 0x000000010e600000, 0x000000010e600000| Untracked 
| 231|0x000000010e700000, 0x000000010e800000, 0x000000010e800000|100%| O|  |TAMS 0x000000010e700000, 0x000000010e700000| Untracked 
| 232|0x000000010e800000, 0x000000010e900000, 0x000000010e900000|100%| O|  |TAMS 0x000000010e800000, 0x000000010e800000| Untracked 
| 233|0x000000010e900000, 0x000000010ea00000, 0x000000010ea00000|100%| O|  |TAMS 0x000000010e900000, 0x000000010e900000| Untracked 
| 234|0x000000010ea00000, 0x000000010eb00000, 0x000000010eb00000|100%| O|  |TAMS 0x000000010ea00000, 0x000000010ea00000| Untracked 
| 235|0x000000010eb00000, 0x000000010ec00000, 0x000000010ec00000|100%|HS|  |TAMS 0x000000010eb00000, 0x000000010eb00000| Complete 
| 236|0x000000010ec00000, 0x000000010ed00000, 0x000000010ed00000|100%|HS|  |TAMS 0x000000010ec00000, 0x000000010ec00000| Complete 
| 237|0x000000010ed00000, 0x000000010ee00000, 0x000000010ee00000|100%| O|  |TAMS 0x000000010ed00000, 0x000000010ed00000| Untracked 
| 238|0x000000010ee00000, 0x000000010ef00000, 0x000000010ef00000|100%| O|  |TAMS 0x000000010ee00000, 0x000000010ee00000| Untracked 
| 239|0x000000010ef00000, 0x000000010f000000, 0x000000010f000000|100%| O|  |TAMS 0x000000010ef00000, 0x000000010ef00000| Untracked 
| 240|0x000000010f000000, 0x000000010f100000, 0x000000010f100000|100%| O|  |TAMS 0x000000010f000000, 0x000000010f000000| Untracked 
| 241|0x000000010f100000, 0x000000010f200000, 0x000000010f200000|100%| O|  |TAMS 0x000000010f100000, 0x000000010f100000| Untracked 
| 242|0x000000010f200000, 0x000000010f300000, 0x000000010f300000|100%| O|  |TAMS 0x000000010f200000, 0x000000010f200000| Untracked 
| 243|0x000000010f300000, 0x000000010f400000, 0x000000010f400000|100%| O|  |TAMS 0x000000010f300000, 0x000000010f300000| Untracked 
| 244|0x000000010f400000, 0x000000010f500000, 0x000000010f500000|100%| O|  |TAMS 0x000000010f400000, 0x000000010f400000| Untracked 
| 245|0x000000010f500000, 0x000000010f600000, 0x000000010f600000|100%| O|  |TAMS 0x000000010f500000, 0x000000010f500000| Untracked 
| 246|0x000000010f600000, 0x000000010f700000, 0x000000010f700000|100%| O|  |TAMS 0x000000010f600000, 0x000000010f600000| Untracked 
| 247|0x000000010f700000, 0x000000010f800000, 0x000000010f800000|100%| O|  |TAMS 0x000000010f700000, 0x000000010f700000| Untracked 
| 248|0x000000010f800000, 0x000000010f900000, 0x000000010f900000|100%|HS|  |TAMS 0x000000010f800000, 0x000000010f800000| Complete 
| 249|0x000000010f900000, 0x000000010fa00000, 0x000000010fa00000|100%|HS|  |TAMS 0x000000010f900000, 0x000000010f900000| Complete 
| 250|0x000000010fa00000, 0x000000010fb00000, 0x000000010fb00000|100%|HS|  |TAMS 0x000000010fa00000, 0x000000010fa00000| Complete 
| 251|0x000000010fb00000, 0x000000010fc00000, 0x000000010fc00000|100%| O|  |TAMS 0x000000010fb00000, 0x000000010fb00000| Untracked 
| 252|0x000000010fc00000, 0x000000010fd00000, 0x000000010fd00000|100%| O|  |TAMS 0x000000010fc00000, 0x000000010fc00000| Untracked 
| 253|0x000000010fd00000, 0x000000010fe00000, 0x000000010fe00000|100%| O|  |TAMS 0x000000010fd00000, 0x000000010fd00000| Untracked 
| 254|0x000000010fe00000, 0x000000010ff00000, 0x000000010ff00000|100%| O|  |TAMS 0x000000010fe00000, 0x000000010fe00000| Untracked 
| 255|0x000000010ff00000, 0x0000000110000000, 0x0000000110000000|100%| O|  |TAMS 0x000000010ff00000, 0x000000010ff00000| Untracked 
| 256|0x0000000110000000, 0x0000000110100000, 0x0000000110100000|100%| O|  |TAMS 0x0000000110000000, 0x0000000110000000| Untracked 
| 257|0x0000000110100000, 0x000000011011fe00, 0x0000000110200000| 12%| O|  |TAMS 0x0000000110100000, 0x0000000110100000| Untracked 
| 258|0x0000000110200000, 0x0000000110200000, 0x0000000110300000|  0%| F|  |TAMS 0x0000000110200000, 0x0000000110200000| Untracked 
| 259|0x0000000110300000, 0x0000000110300000, 0x0000000110400000|  0%| F|  |TAMS 0x0000000110300000, 0x0000000110300000| Untracked 
| 260|0x0000000110400000, 0x0000000110400000, 0x0000000110500000|  0%| F|  |TAMS 0x0000000110400000, 0x0000000110400000| Untracked 
| 261|0x0000000110500000, 0x0000000110500000, 0x0000000110600000|  0%| F|  |TAMS 0x0000000110500000, 0x0000000110500000| Untracked 
| 262|0x0000000110600000, 0x0000000110600000, 0x0000000110700000|  0%| F|  |TAMS 0x0000000110600000, 0x0000000110600000| Untracked 
| 263|0x0000000110700000, 0x0000000110700000, 0x0000000110800000|  0%| F|  |TAMS 0x0000000110700000, 0x0000000110700000| Untracked 
| 264|0x0000000110800000, 0x0000000110800000, 0x0000000110900000|  0%| F|  |TAMS 0x0000000110800000, 0x0000000110800000| Untracked 
| 265|0x0000000110900000, 0x0000000110900000, 0x0000000110a00000|  0%| F|  |TAMS 0x0000000110900000, 0x0000000110900000| Untracked 
| 266|0x0000000110a00000, 0x0000000110a00000, 0x0000000110b00000|  0%| F|  |TAMS 0x0000000110a00000, 0x0000000110a00000| Untracked 
| 267|0x0000000110b00000, 0x0000000110b00000, 0x0000000110c00000|  0%| F|  |TAMS 0x0000000110b00000, 0x0000000110b00000| Untracked 
| 268|0x0000000110c00000, 0x0000000110c00000, 0x0000000110d00000|  0%| F|  |TAMS 0x0000000110c00000, 0x0000000110c00000| Untracked 
| 269|0x0000000110d00000, 0x0000000110d00000, 0x0000000110e00000|  0%| F|  |TAMS 0x0000000110d00000, 0x0000000110d00000| Untracked 
| 270|0x0000000110e00000, 0x0000000110e00000, 0x0000000110f00000|  0%| F|  |TAMS 0x0000000110e00000, 0x0000000110e00000| Untracked 
| 271|0x0000000110f00000, 0x0000000110f00000, 0x0000000111000000|  0%| F|  |TAMS 0x0000000110f00000, 0x0000000110f00000| Untracked 
| 272|0x0000000111000000, 0x0000000111000000, 0x0000000111100000|  0%| F|  |TAMS 0x0000000111000000, 0x0000000111000000| Untracked 
| 273|0x0000000111100000, 0x0000000111100000, 0x0000000111200000|  0%| F|  |TAMS 0x0000000111100000, 0x0000000111100000| Untracked 
| 274|0x0000000111200000, 0x0000000111200000, 0x0000000111300000|  0%| F|  |TAMS 0x0000000111200000, 0x0000000111200000| Untracked 
| 275|0x0000000111300000, 0x0000000111300000, 0x0000000111400000|  0%| F|  |TAMS 0x0000000111300000, 0x0000000111300000| Untracked 
| 276|0x0000000111400000, 0x0000000111400000, 0x0000000111500000|  0%| F|  |TAMS 0x0000000111400000, 0x0000000111400000| Untracked 
| 277|0x0000000111500000, 0x0000000111500000, 0x0000000111600000|  0%| F|  |TAMS 0x0000000111500000, 0x0000000111500000| Untracked 
| 278|0x0000000111600000, 0x0000000111600000, 0x0000000111700000|  0%| F|  |TAMS 0x0000000111600000, 0x0000000111600000| Untracked 
| 279|0x0000000111700000, 0x0000000111700000, 0x0000000111800000|  0%| F|  |TAMS 0x0000000111700000, 0x0000000111700000| Untracked 
| 280|0x0000000111800000, 0x0000000111800000, 0x0000000111900000|  0%| F|  |TAMS 0x0000000111800000, 0x0000000111800000| Untracked 
| 281|0x0000000111900000, 0x0000000111900000, 0x0000000111a00000|  0%| F|  |TAMS 0x0000000111900000, 0x0000000111900000| Untracked 
| 282|0x0000000111a00000, 0x0000000111a00000, 0x0000000111b00000|  0%| F|  |TAMS 0x0000000111a00000, 0x0000000111a00000| Untracked 
| 283|0x0000000111b00000, 0x0000000111b00000, 0x0000000111c00000|  0%| F|  |TAMS 0x0000000111b00000, 0x0000000111b00000| Untracked 
| 284|0x0000000111c00000, 0x0000000111c00000, 0x0000000111d00000|  0%| F|  |TAMS 0x0000000111c00000, 0x0000000111c00000| Untracked 
| 285|0x0000000111d00000, 0x0000000111d00000, 0x0000000111e00000|  0%| F|  |TAMS 0x0000000111d00000, 0x0000000111d00000| Untracked 
| 286|0x0000000111e00000, 0x0000000111e00000, 0x0000000111f00000|  0%| F|  |TAMS 0x0000000111e00000, 0x0000000111e00000| Untracked 
| 287|0x0000000111f00000, 0x0000000111f00000, 0x0000000112000000|  0%| F|  |TAMS 0x0000000111f00000, 0x0000000111f00000| Untracked 
| 288|0x0000000112000000, 0x0000000112000000, 0x0000000112100000|  0%| F|  |TAMS 0x0000000112000000, 0x0000000112000000| Untracked 
| 289|0x0000000112100000, 0x0000000112100000, 0x0000000112200000|  0%| F|  |TAMS 0x0000000112100000, 0x0000000112100000| Untracked 
| 290|0x0000000112200000, 0x0000000112200000, 0x0000000112300000|  0%| F|  |TAMS 0x0000000112200000, 0x0000000112200000| Untracked 
| 291|0x0000000112300000, 0x0000000112300000, 0x0000000112400000|  0%| F|  |TAMS 0x0000000112300000, 0x0000000112300000| Untracked 
| 292|0x0000000112400000, 0x0000000112400000, 0x0000000112500000|  0%| F|  |TAMS 0x0000000112400000, 0x0000000112400000| Untracked 
| 293|0x0000000112500000, 0x0000000112500000, 0x0000000112600000|  0%| F|  |TAMS 0x0000000112500000, 0x0000000112500000| Untracked 
| 294|0x0000000112600000, 0x0000000112600000, 0x0000000112700000|  0%| F|  |TAMS 0x0000000112600000, 0x0000000112600000| Untracked 
| 295|0x0000000112700000, 0x0000000112700000, 0x0000000112800000|  0%| F|  |TAMS 0x0000000112700000, 0x0000000112700000| Untracked 
| 296|0x0000000112800000, 0x0000000112800000, 0x0000000112900000|  0%| F|  |TAMS 0x0000000112800000, 0x0000000112800000| Untracked 
| 297|0x0000000112900000, 0x0000000112900000, 0x0000000112a00000|  0%| F|  |TAMS 0x0000000112900000, 0x0000000112900000| Untracked 
| 298|0x0000000112a00000, 0x0000000112a00000, 0x0000000112b00000|  0%| F|  |TAMS 0x0000000112a00000, 0x0000000112a00000| Untracked 
| 299|0x0000000112b00000, 0x0000000112b00000, 0x0000000112c00000|  0%| F|  |TAMS 0x0000000112b00000, 0x0000000112b00000| Untracked 
| 300|0x0000000112c00000, 0x0000000112c00000, 0x0000000112d00000|  0%| F|  |TAMS 0x0000000112c00000, 0x0000000112c00000| Untracked 
| 301|0x0000000112d00000, 0x0000000112d00000, 0x0000000112e00000|  0%| F|  |TAMS 0x0000000112d00000, 0x0000000112d00000| Untracked 
| 302|0x0000000112e00000, 0x0000000112e00000, 0x0000000112f00000|  0%| F|  |TAMS 0x0000000112e00000, 0x0000000112e00000| Untracked 
| 303|0x0000000112f00000, 0x0000000113000000, 0x0000000113000000|100%| S|CS|TAMS 0x0000000112f00000, 0x0000000112f00000| Complete 
| 304|0x0000000113000000, 0x0000000113100000, 0x0000000113100000|100%| S|CS|TAMS 0x0000000113000000, 0x0000000113000000| Complete 
| 305|0x0000000113100000, 0x0000000113200000, 0x0000000113200000|100%| S|CS|TAMS 0x0000000113100000, 0x0000000113100000| Complete 
| 306|0x0000000113200000, 0x0000000113300000, 0x0000000113300000|100%| S|CS|TAMS 0x0000000113200000, 0x0000000113200000| Complete 
| 307|0x0000000113300000, 0x0000000113400000, 0x0000000113400000|100%| S|CS|TAMS 0x0000000113300000, 0x0000000113300000| Complete 
| 308|0x0000000113400000, 0x0000000113500000, 0x0000000113500000|100%| S|CS|TAMS 0x0000000113400000, 0x0000000113400000| Complete 
| 309|0x0000000113500000, 0x0000000113500000, 0x0000000113600000|  0%| F|  |TAMS 0x0000000113500000, 0x0000000113500000| Untracked 
| 310|0x0000000113600000, 0x0000000113600000, 0x0000000113700000|  0%| F|  |TAMS 0x0000000113600000, 0x0000000113600000| Untracked 
| 311|0x0000000113700000, 0x0000000113700000, 0x0000000113800000|  0%| F|  |TAMS 0x0000000113700000, 0x0000000113700000| Untracked 
| 312|0x0000000113800000, 0x0000000113800000, 0x0000000113900000|  0%| F|  |TAMS 0x0000000113800000, 0x0000000113800000| Untracked 
| 313|0x0000000113900000, 0x0000000113900000, 0x0000000113a00000|  0%| F|  |TAMS 0x0000000113900000, 0x0000000113900000| Untracked 
| 314|0x0000000113a00000, 0x0000000113a00000, 0x0000000113b00000|  0%| F|  |TAMS 0x0000000113a00000, 0x0000000113a00000| Untracked 
| 315|0x0000000113b00000, 0x0000000113b00000, 0x0000000113c00000|  0%| F|  |TAMS 0x0000000113b00000, 0x0000000113b00000| Untracked 
| 316|0x0000000113c00000, 0x0000000113c00000, 0x0000000113d00000|  0%| F|  |TAMS 0x0000000113c00000, 0x0000000113c00000| Untracked 
| 317|0x0000000113d00000, 0x0000000113d00000, 0x0000000113e00000|  0%| F|  |TAMS 0x0000000113d00000, 0x0000000113d00000| Untracked 
| 318|0x0000000113e00000, 0x0000000113e00000, 0x0000000113f00000|  0%| F|  |TAMS 0x0000000113e00000, 0x0000000113e00000| Untracked 
| 319|0x0000000113f00000, 0x0000000113f00000, 0x0000000114000000|  0%| F|  |TAMS 0x0000000113f00000, 0x0000000113f00000| Untracked 
| 320|0x0000000114000000, 0x0000000114000000, 0x0000000114100000|  0%| F|  |TAMS 0x0000000114000000, 0x0000000114000000| Untracked 
| 321|0x0000000114100000, 0x0000000114100000, 0x0000000114200000|  0%| F|  |TAMS 0x0000000114100000, 0x0000000114100000| Untracked 
| 322|0x0000000114200000, 0x0000000114200000, 0x0000000114300000|  0%| F|  |TAMS 0x0000000114200000, 0x0000000114200000| Untracked 
| 323|0x0000000114300000, 0x0000000114300000, 0x0000000114400000|  0%| F|  |TAMS 0x0000000114300000, 0x0000000114300000| Untracked 
| 324|0x0000000114400000, 0x0000000114400000, 0x0000000114500000|  0%| F|  |TAMS 0x0000000114400000, 0x0000000114400000| Untracked 
| 325|0x0000000114500000, 0x0000000114500000, 0x0000000114600000|  0%| F|  |TAMS 0x0000000114500000, 0x0000000114500000| Untracked 
| 326|0x0000000114600000, 0x0000000114600000, 0x0000000114700000|  0%| F|  |TAMS 0x0000000114600000, 0x0000000114600000| Untracked 
| 327|0x0000000114700000, 0x0000000114700000, 0x0000000114800000|  0%| F|  |TAMS 0x0000000114700000, 0x0000000114700000| Untracked 
| 328|0x0000000114800000, 0x0000000114800000, 0x0000000114900000|  0%| F|  |TAMS 0x0000000114800000, 0x0000000114800000| Untracked 
| 329|0x0000000114900000, 0x0000000114983510, 0x0000000114a00000| 51%| E|  |TAMS 0x0000000114900000, 0x0000000114900000| Complete 
| 330|0x0000000114a00000, 0x0000000114b00000, 0x0000000114b00000|100%| E|CS|TAMS 0x0000000114a00000, 0x0000000114a00000| Complete 
| 331|0x0000000114b00000, 0x0000000114c00000, 0x0000000114c00000|100%| E|CS|TAMS 0x0000000114b00000, 0x0000000114b00000| Complete 
| 332|0x0000000114c00000, 0x0000000114d00000, 0x0000000114d00000|100%| E|CS|TAMS 0x0000000114c00000, 0x0000000114c00000| Complete 
| 333|0x0000000114d00000, 0x0000000114e00000, 0x0000000114e00000|100%| E|CS|TAMS 0x0000000114d00000, 0x0000000114d00000| Complete 
| 334|0x0000000114e00000, 0x0000000114f00000, 0x0000000114f00000|100%| E|CS|TAMS 0x0000000114e00000, 0x0000000114e00000| Complete 
| 335|0x0000000114f00000, 0x0000000115000000, 0x0000000115000000|100%| E|CS|TAMS 0x0000000114f00000, 0x0000000114f00000| Complete 
| 336|0x0000000115000000, 0x0000000115100000, 0x0000000115100000|100%| E|CS|TAMS 0x0000000115000000, 0x0000000115000000| Complete 
| 337|0x0000000115100000, 0x0000000115200000, 0x0000000115200000|100%| E|CS|TAMS 0x0000000115100000, 0x0000000115100000| Complete 
| 338|0x0000000115200000, 0x0000000115300000, 0x0000000115300000|100%| E|CS|TAMS 0x0000000115200000, 0x0000000115200000| Complete 
| 339|0x0000000115300000, 0x0000000115400000, 0x0000000115400000|100%| E|CS|TAMS 0x0000000115300000, 0x0000000115300000| Complete 
| 340|0x0000000115400000, 0x0000000115500000, 0x0000000115500000|100%| E|CS|TAMS 0x0000000115400000, 0x0000000115400000| Complete 
| 341|0x0000000115500000, 0x0000000115600000, 0x0000000115600000|100%| E|CS|TAMS 0x0000000115500000, 0x0000000115500000| Complete 
| 342|0x0000000115600000, 0x0000000115700000, 0x0000000115700000|100%| E|CS|TAMS 0x0000000115600000, 0x0000000115600000| Complete 
| 343|0x0000000115700000, 0x0000000115800000, 0x0000000115800000|100%| E|CS|TAMS 0x0000000115700000, 0x0000000115700000| Complete 
| 344|0x0000000115800000, 0x0000000115900000, 0x0000000115900000|100%| E|CS|TAMS 0x0000000115800000, 0x0000000115800000| Complete 
| 345|0x0000000115900000, 0x0000000115a00000, 0x0000000115a00000|100%| E|CS|TAMS 0x0000000115900000, 0x0000000115900000| Complete 
| 346|0x0000000115a00000, 0x0000000115b00000, 0x0000000115b00000|100%| E|CS|TAMS 0x0000000115a00000, 0x0000000115a00000| Complete 

Card table byte_map: [0x00000191fcb20000,0x00000191fce20000] _byte_map_base: 0x00000191fc320000

Marking Bits (Prev, Next): (CMBitMap*) 0x00000191fbf40900, (CMBitMap*) 0x00000191fbf40940
 Prev Bits: [0x00000191fd120000, 0x00000191fe920000)
 Next Bits: [0x0000019196ac0000, 0x00000191982c0000)

Polling page: 0x00000191f9d20000

Metaspace:

Usage:
  Non-class:     96.98 MB used.
      Class:     15.59 MB used.
       Both:    112.57 MB used.

Virtual space:
  Non-class space:      128.00 MB reserved,      97.81 MB ( 76%) committed,  2 nodes.
      Class space:      320.00 MB reserved,      16.25 MB (  5%) committed,  1 nodes.
             Both:      448.00 MB reserved,     114.06 MB ( 25%) committed. 

Chunk freelists:
   Non-Class:  14.07 MB
       Class:  15.67 MB
        Both:  29.75 MB

MaxMetaspaceSize: 384.00 MB
CompressedClassSpaceSize: 320.00 MB
Initial GC threshold: 21.00 MB
Current GC threshold: 187.19 MB
CDS: on
MetaspaceReclaimPolicy: balanced
 - commit_granule_bytes: 65536.
 - commit_granule_words: 8192.
 - virtual_space_node_default_size: 8388608.
 - enlarge_chunks_in_place: 1.
 - new_chunks_are_fully_committed: 0.
 - uncommit_free_chunks: 1.
 - use_allocation_guard: 0.
 - handle_deallocations: 1.


Internal statistics:

num_allocs_failed_limit: 9.
num_arena_births: 1798.
num_arena_deaths: 0.
num_vsnodes_births: 3.
num_vsnodes_deaths: 0.
num_space_committed: 1825.
num_space_uncommitted: 0.
num_chunks_returned_to_freelist: 9.
num_chunks_taken_from_freelist: 7008.
num_chunk_merges: 9.
num_chunk_splits: 4424.
num_chunks_enlarged: 2690.
num_inconsistent_stats: 0.

CodeHeap 'non-profiled nmethods': size=119168Kb used=11863Kb max_used=11863Kb free=107304Kb
 bounds [0x000001918f660000, 0x0000019190200000, 0x0000019196ac0000]
CodeHeap 'profiled nmethods': size=119104Kb used=29170Kb max_used=29414Kb free=89933Kb
 bounds [0x0000019187ac0000, 0x00000191897c0000, 0x000001918ef10000]
CodeHeap 'non-nmethods': size=7488Kb used=3047Kb max_used=4256Kb free=4440Kb
 bounds [0x000001918ef10000, 0x000001918f430000, 0x000001918f660000]
 total_blobs=15872 nmethods=14849 adapters=933
 compilation: enabled
              stopped_count=0, restarted_count=0
 full_count=0

Compilation events (20 events):
Event: 49.369 Thread 0x000001919a2d8240 nmethod 17821 0x00000191901e5110 code [0x00000191901e5400, 0x00000191901e8158]
Event: 49.399 Thread 0x00000191c2eb3b80 17847   !   4       java.nio.channels.spi.AbstractInterruptibleChannel::close (37 bytes)
Event: 49.426 Thread 0x00000191c2eb3b80 nmethod 17847 0x00000191901e9f90 code [0x00000191901ea1e0, 0x00000191901eb1f0]
Event: 49.426 Thread 0x00000191c2eb5b60 17848   !   4       sun.nio.cs.StreamDecoder::close (48 bytes)
Event: 49.429 Thread 0x00000191c2eb5b60 nmethod 17848 0x00000191901eba90 code [0x00000191901ebc40, 0x00000191901ec0e8]
Event: 49.459 Thread 0x00000191c2eb5b60 17849       4       java.io.InputStreamReader::close (8 bytes)
Event: 49.462 Thread 0x00000191c2eb5b60 nmethod 17849 0x00000191901ec310 code [0x00000191901ec4c0, 0x00000191901ec968]
Event: 49.491 Thread 0x00000191c2eb5b60 17850       4       org.gradle.api.internal.artifacts.ivyservice.resolveengine.artifact.ArtifactVisitorToResolvedFileVisitorAdapter::visitArtifact (17 bytes)
Event: 49.493 Thread 0x00000191c2eb3b80 17851       4       org.gradle.api.internal.file.FilteredFileCollection$$Lambda$946/0x000001919c6a5ed8::apply (14 bytes)
Event: 49.496 Thread 0x000001919a2d8240 17852       4       org.gradle.api.internal.artifacts.ivyservice.resolveengine.artifact.ArtifactVisitor::prepareForVisit (4 bytes)
Event: 49.496 Thread 0x000001919a2d8240 nmethod 17852 0x00000191901ecb90 code [0x00000191901ecd20, 0x00000191901ecd98]
Event: 49.498 Thread 0x000001919a2d8240 17853       4       org.gradle.api.internal.artifacts.transform.TransformStep$$Lambda$914/0x000001919c69b9e8::apply (20 bytes)
Event: 49.515 Thread 0x00000191c2eb3b80 nmethod 17851 0x00000191901ece90 code [0x00000191901ed060, 0x00000191901edb98]
Event: 49.515 Thread 0x00000191c2eb3b80 17855       4       java.nio.MappedByteBuffer::position (8 bytes)
Event: 49.516 Thread 0x00000191c2eb3b80 nmethod 17855 0x00000191901ee190 code [0x00000191901ee320, 0x00000191901ee418]
Event: 49.516 Thread 0x00000191c2eb3b80 17856       4       java.util.stream.Streams$RangeIntSpliterator::forEachRemaining (65 bytes)
Event: 49.538 Thread 0x00000191c2eb3b80 nmethod 17856 0x00000191901ee510 code [0x00000191901ee6e0, 0x00000191901eee68]
Event: 49.539 Thread 0x00000191c2eb3b80 17854       4       org.gradle.api.internal.artifacts.transform.TransformStep::createInvocation (92 bytes)
Event: 49.545 Thread 0x000001919a2d8240 nmethod 17853 0x00000191901ef290 code [0x00000191901ef500, 0x00000191901f04b0]
Event: 49.550 Thread 0x000001919a2d8240 17857       4       sun.nio.ch.FileChannelImpl::open (16 bytes)

GC Heap History (20 events):
Event: 42.583 GC heap before
{Heap before GC invocations=75 (full 0):
 garbage-first heap   total 355328K, used 292133K [0x0000000100000000, 0x0000000160000000)
  region size 1024K, 80 young (81920K), 8 survivors (8192K)
 Metaspace       used 114168K, committed 115520K, reserved 458752K
  class space    used 15790K, committed 16384K, reserved 327680K
}
Event: 42.591 GC heap after
{Heap after GC invocations=76 (full 0):
 garbage-first heap   total 355328K, used 224523K [0x0000000100000000, 0x0000000160000000)
  region size 1024K, 8 young (8192K), 8 survivors (8192K)
 Metaspace       used 114168K, committed 115520K, reserved 458752K
  class space    used 15790K, committed 16384K, reserved 327680K
}
Event: 43.280 GC heap before
{Heap before GC invocations=76 (full 0):
 garbage-first heap   total 355328K, used 294155K [0x0000000100000000, 0x0000000160000000)
  region size 1024K, 77 young (78848K), 8 survivors (8192K)
 Metaspace       used 114169K, committed 115520K, reserved 458752K
  class space    used 15790K, committed 16384K, reserved 327680K
}
Event: 43.286 GC heap after
{Heap after GC invocations=77 (full 0):
 garbage-first heap   total 355328K, used 226108K [0x0000000100000000, 0x0000000160000000)
  region size 1024K, 4 young (4096K), 4 survivors (4096K)
 Metaspace       used 114169K, committed 115520K, reserved 458752K
  class space    used 15790K, committed 16384K, reserved 327680K
}
Event: 44.529 GC heap before
{Heap before GC invocations=77 (full 0):
 garbage-first heap   total 355328K, used 300860K [0x0000000100000000, 0x0000000160000000)
  region size 1024K, 74 young (75776K), 4 survivors (4096K)
 Metaspace       used 114622K, committed 115968K, reserved 458752K
  class space    used 15857K, committed 16448K, reserved 327680K
}
Event: 44.537 GC heap after
{Heap after GC invocations=78 (full 0):
 garbage-first heap   total 355328K, used 238013K [0x0000000100000000, 0x0000000160000000)
  region size 1024K, 10 young (10240K), 10 survivors (10240K)
 Metaspace       used 114622K, committed 115968K, reserved 458752K
  class space    used 15857K, committed 16448K, reserved 327680K
}
Event: 45.697 GC heap before
{Heap before GC invocations=78 (full 0):
 garbage-first heap   total 355328K, used 295357K [0x0000000100000000, 0x0000000160000000)
  region size 1024K, 67 young (68608K), 10 survivors (10240K)
 Metaspace       used 114838K, committed 116224K, reserved 458752K
  class space    used 15896K, committed 16512K, reserved 327680K
}
Event: 45.705 GC heap after
{Heap after GC invocations=79 (full 0):
 garbage-first heap   total 355328K, used 242554K [0x0000000100000000, 0x0000000160000000)
  region size 1024K, 6 young (6144K), 6 survivors (6144K)
 Metaspace       used 114838K, committed 116224K, reserved 458752K
  class space    used 15896K, committed 16512K, reserved 327680K
}
Event: 46.261 GC heap before
{Heap before GC invocations=79 (full 0):
 garbage-first heap   total 355328K, used 296826K [0x0000000100000000, 0x0000000160000000)
  region size 1024K, 60 young (61440K), 6 survivors (6144K)
 Metaspace       used 114840K, committed 116224K, reserved 458752K
  class space    used 15896K, committed 16512K, reserved 327680K
}
Event: 46.266 GC heap after
{Heap after GC invocations=80 (full 0):
 garbage-first heap   total 355328K, used 243421K [0x0000000100000000, 0x0000000160000000)
  region size 1024K, 4 young (4096K), 4 survivors (4096K)
 Metaspace       used 114840K, committed 116224K, reserved 458752K
  class space    used 15896K, committed 16512K, reserved 327680K
}
Event: 47.493 GC heap before
{Heap before GC invocations=80 (full 0):
 garbage-first heap   total 355328K, used 300765K [0x0000000100000000, 0x0000000160000000)
  region size 1024K, 59 young (60416K), 4 survivors (4096K)
 Metaspace       used 114981K, committed 116416K, reserved 458752K
  class space    used 15915K, committed 16576K, reserved 327680K
}
Event: 47.500 GC heap after
{Heap after GC invocations=81 (full 0):
 garbage-first heap   total 355328K, used 253441K [0x0000000100000000, 0x0000000160000000)
  region size 1024K, 8 young (8192K), 8 survivors (8192K)
 Metaspace       used 114981K, committed 116416K, reserved 458752K
  class space    used 15915K, committed 16576K, reserved 327680K
}
Event: 47.898 GC heap before
{Heap before GC invocations=81 (full 0):
 garbage-first heap   total 355328K, used 297473K [0x0000000100000000, 0x0000000160000000)
  region size 1024K, 52 young (53248K), 8 survivors (8192K)
 Metaspace       used 114981K, committed 116416K, reserved 458752K
  class space    used 15915K, committed 16576K, reserved 327680K
}
Event: 47.904 GC heap after
{Heap after GC invocations=82 (full 0):
 garbage-first heap   total 355328K, used 256950K [0x0000000100000000, 0x0000000160000000)
  region size 1024K, 4 young (4096K), 4 survivors (4096K)
 Metaspace       used 114981K, committed 116416K, reserved 458752K
  class space    used 15915K, committed 16576K, reserved 327680K
}
Event: 48.240 GC heap before
{Heap before GC invocations=82 (full 0):
 garbage-first heap   total 355328K, used 299958K [0x0000000100000000, 0x0000000160000000)
  region size 1024K, 47 young (48128K), 4 survivors (4096K)
 Metaspace       used 114982K, committed 116416K, reserved 458752K
  class space    used 15915K, committed 16576K, reserved 327680K
}
Event: 48.243 GC heap after
{Heap after GC invocations=83 (full 0):
 garbage-first heap   total 355328K, used 257418K [0x0000000100000000, 0x0000000160000000)
  region size 1024K, 4 young (4096K), 4 survivors (4096K)
 Metaspace       used 114982K, committed 116416K, reserved 458752K
  class space    used 15915K, committed 16576K, reserved 327680K
}
Event: 48.885 GC heap before
{Heap before GC invocations=83 (full 0):
 garbage-first heap   total 355328K, used 306570K [0x0000000100000000, 0x0000000160000000)
  region size 1024K, 49 young (50176K), 4 survivors (4096K)
 Metaspace       used 115226K, committed 116800K, reserved 458752K
  class space    used 15951K, committed 16640K, reserved 327680K
}
Event: 48.890 GC heap after
{Heap after GC invocations=84 (full 0):
 garbage-first heap   total 355328K, used 263754K [0x0000000100000000, 0x0000000160000000)
  region size 1024K, 7 young (7168K), 7 survivors (7168K)
 Metaspace       used 115226K, committed 116800K, reserved 458752K
  class space    used 15951K, committed 16640K, reserved 327680K
}
Event: 49.468 GC heap before
{Heap before GC invocations=84 (full 0):
 garbage-first heap   total 355328K, used 301642K [0x0000000100000000, 0x0000000160000000)
  region size 1024K, 45 young (46080K), 7 survivors (7168K)
 Metaspace       used 115267K, committed 116800K, reserved 458752K
  class space    used 15959K, committed 16640K, reserved 327680K
}
Event: 49.474 GC heap after
{Heap after GC invocations=85 (full 0):
 garbage-first heap   total 355328K, used 269439K [0x0000000100000000, 0x0000000160000000)
  region size 1024K, 6 young (6144K), 6 survivors (6144K)
 Metaspace       used 115267K, committed 116800K, reserved 458752K
  class space    used 15959K, committed 16640K, reserved 327680K
}

Dll operation events (15 events):
Event: 0.009 Loaded shared library C:\Program Files\Microsoft\jdk-17.0.17.10-hotspot\bin\java.dll
Event: 0.026 Loaded shared library C:\Program Files\Microsoft\jdk-17.0.17.10-hotspot\bin\jsvml.dll
Event: 0.082 Loaded shared library C:\Program Files\Microsoft\jdk-17.0.17.10-hotspot\bin\zip.dll
Event: 0.086 Loaded shared library C:\Program Files\Microsoft\jdk-17.0.17.10-hotspot\bin\instrument.dll
Event: 0.092 Loaded shared library C:\Program Files\Microsoft\jdk-17.0.17.10-hotspot\bin\net.dll
Event: 0.094 Loaded shared library C:\Program Files\Microsoft\jdk-17.0.17.10-hotspot\bin\nio.dll
Event: 0.100 Loaded shared library C:\Program Files\Microsoft\jdk-17.0.17.10-hotspot\bin\zip.dll
Event: 0.453 Loaded shared library C:\Program Files\Microsoft\jdk-17.0.17.10-hotspot\bin\jimage.dll
Event: 0.601 Loaded shared library C:\Program Files\Microsoft\jdk-17.0.17.10-hotspot\bin\verify.dll
Event: 0.830 Loaded shared library C:\Users\Grahald\.gradle\native\c067742578af261105cb4f569cf0c3c89f3d7b1fecec35dd04571415982c5e48\windows-amd64\native-platform.dll
Event: 0.836 Loaded shared library C:\Users\Grahald\.gradle\native\100fb08df4bc3b14c8652ba06237920a3bd2aa13389f12d3474272988ae205f9\windows-amd64\native-platform-file-events.dll
Event: 2.070 Loaded shared library C:\Program Files\Microsoft\jdk-17.0.17.10-hotspot\bin\management.dll
Event: 2.075 Loaded shared library C:\Program Files\Microsoft\jdk-17.0.17.10-hotspot\bin\management_ext.dll
Event: 2.350 Loaded shared library C:\Program Files\Microsoft\jdk-17.0.17.10-hotspot\bin\extnet.dll
Event: 2.671 Loaded shared library C:\Program Files\Microsoft\jdk-17.0.17.10-hotspot\bin\sunmscapi.dll

Deoptimization events (20 events):
Event: 49.082 Thread 0x00000191b56cccf0 Uncommon trap: trap_request=0xffffffde fr.pc=0x000001918fae6cb4 relative=0x00000000000003f4
Event: 49.082 Thread 0x00000191b56cccf0 Uncommon trap: reason=class_check action=maybe_recompile pc=0x000001918fae6cb4 method=org.gradle.internal.component.model.GraphVariantSelector.fastContainsImplicitCapability(Lcom/google/common/collect/ImmutableSet;)Z @ 10 c2
Event: 49.083 Thread 0x00000191b56cccf0 DEOPT PACKING pc=0x000001918fae6cb4 sp=0x0000000b092f82e0
Event: 49.083 Thread 0x00000191b56cccf0 DEOPT UNPACKING pc=0x000001918ef669a3 sp=0x0000000b092f8210 mode 2
Event: 49.083 Thread 0x00000191b56cccf0 Uncommon trap: trap_request=0xffffffde fr.pc=0x000001918fae6cb4 relative=0x00000000000003f4
Event: 49.083 Thread 0x00000191b56cccf0 Uncommon trap: reason=class_check action=maybe_recompile pc=0x000001918fae6cb4 method=org.gradle.internal.component.model.GraphVariantSelector.fastContainsImplicitCapability(Lcom/google/common/collect/ImmutableSet;)Z @ 10 c2
Event: 49.083 Thread 0x00000191b56cccf0 DEOPT PACKING pc=0x000001918fae6cb4 sp=0x0000000b092f82e0
Event: 49.083 Thread 0x00000191b56cccf0 DEOPT UNPACKING pc=0x000001918ef669a3 sp=0x0000000b092f8210 mode 2
Event: 49.083 Thread 0x00000191b56cccf0 Uncommon trap: trap_request=0xffffffde fr.pc=0x000001918fae6cb4 relative=0x00000000000003f4
Event: 49.083 Thread 0x00000191b56cccf0 Uncommon trap: reason=class_check action=maybe_recompile pc=0x000001918fae6cb4 method=org.gradle.internal.component.model.GraphVariantSelector.fastContainsImplicitCapability(Lcom/google/common/collect/ImmutableSet;)Z @ 10 c2
Event: 49.083 Thread 0x00000191b56cccf0 DEOPT PACKING pc=0x000001918fae6cb4 sp=0x0000000b092f82e0
Event: 49.083 Thread 0x00000191b56cccf0 DEOPT UNPACKING pc=0x000001918ef669a3 sp=0x0000000b092f8210 mode 2
Event: 49.094 Thread 0x00000191b56cccf0 Uncommon trap: trap_request=0xffffffde fr.pc=0x000001918fae5dcc relative=0x00000000000000ac
Event: 49.094 Thread 0x00000191b56cccf0 Uncommon trap: reason=class_check action=maybe_recompile pc=0x000001918fae5dcc method=org.gradle.internal.component.model.GraphVariantSelector.fastContainsImplicitCapability(Lcom/google/common/collect/ImmutableSet;)Z @ 10 c2
Event: 49.095 Thread 0x00000191b56cccf0 DEOPT PACKING pc=0x000001918fae5dcc sp=0x0000000b092f8260
Event: 49.095 Thread 0x00000191b56cccf0 DEOPT UNPACKING pc=0x000001918ef669a3 sp=0x0000000b092f8200 mode 2
Event: 49.264 Thread 0x00000191b56cccf0 Uncommon trap: trap_request=0xffffffde fr.pc=0x00000191900c3168 relative=0x0000000000004168
Event: 49.264 Thread 0x00000191b56cccf0 Uncommon trap: reason=class_check action=maybe_recompile pc=0x00000191900c3168 method=org.gradle.internal.component.external.model.ImmutableCapabilities.hashCode()I @ 4 c2
Event: 49.264 Thread 0x00000191b56cccf0 DEOPT PACKING pc=0x00000191900c3168 sp=0x0000000b092f8df0
Event: 49.264 Thread 0x00000191b56cccf0 DEOPT UNPACKING pc=0x000001918ef669a3 sp=0x0000000b092f8be0 mode 2

Classes loaded (20 events):
Event: 44.864 Loading class java/io/FilterInputStreamBeanInfo
Event: 44.864 Loading class java/io/FilterInputStreamBeanInfo done
Event: 44.864 Loading class java/io/FilterInputStreamBeanInfo
Event: 44.864 Loading class java/io/FilterInputStreamBeanInfo done
Event: 44.864 Loading class java/io/InputStreamBeanInfo
Event: 44.864 Loading class java/io/InputStreamBeanInfo done
Event: 44.865 Loading class java/io/InputStreamBeanInfo
Event: 44.865 Loading class java/io/InputStreamBeanInfo done
Event: 44.865 Loading class java/io/InputStreamCustomizer
Event: 44.865 Loading class java/io/InputStreamCustomizer done
Event: 44.865 Loading class java/io/InputStreamCustomizer
Event: 44.865 Loading class java/io/InputStreamCustomizer done
Event: 44.866 Loading class java/io/FilterInputStreamCustomizer
Event: 44.866 Loading class java/io/FilterInputStreamCustomizer done
Event: 44.866 Loading class java/io/FilterInputStreamCustomizer
Event: 44.866 Loading class java/io/FilterInputStreamCustomizer done
Event: 44.866 Loading class java/io/BufferedInputStreamCustomizer
Event: 44.866 Loading class java/io/BufferedInputStreamCustomizer done
Event: 44.867 Loading class java/io/BufferedInputStreamCustomizer
Event: 44.867 Loading class java/io/BufferedInputStreamCustomizer done

Classes unloaded (0 events):
No events

Classes redefined (0 events):
No events

Internal exceptions (20 events):
Event: 46.487 Thread 0x00000191b56cccf0 Exception <a 'java/lang/ClassNotFoundException'{0x00000001148832a0}: build_c52awj92yqikli4lm59k8d6n1$_run_closure1Customizer> (0x00000001148832a0) 
thrown [s\src\hotspot\share\classfile\systemDictionary.cpp, line 256]
Event: 46.573 Thread 0x00000191b56cccf0 Exception <a 'java/lang/ClassNotFoundException'{0x0000000114439f60}: build_7nq0jc4ayqwpj9ftj6et9d6n2BeanInfo> (0x0000000114439f60) 
thrown [s\src\hotspot\share\classfile\systemDictionary.cpp, line 256]
Event: 46.574 Thread 0x00000191b56cccf0 Exception <a 'java/lang/ClassNotFoundException'{0x0000000114441238}: build_7nq0jc4ayqwpj9ftj6et9d6n2Customizer> (0x0000000114441238) 
thrown [s\src\hotspot\share\classfile\systemDictionary.cpp, line 256]
Event: 46.724 Thread 0x00000191b56cccf0 Implicit null exception at 0x000001919012a0a4 to 0x000001919012e028
Event: 46.724 Thread 0x00000191b56cccf0 Implicit null exception at 0x000001919011a1fd to 0x000001919011b488
Event: 46.724 Thread 0x00000191b56cccf0 Implicit null exception at 0x0000019190108f5e to 0x000001919010a0b0
Event: 48.399 Thread 0x00000191b56cccf0 Exception <a 'java/lang/ClassNotFoundException'{0x00000001145dfbd0}: build_7nq0jc4ayqwpj9ftj6et9d6n2BeanInfo> (0x00000001145dfbd0) 
thrown [s\src\hotspot\share\classfile\systemDictionary.cpp, line 256]
Event: 48.400 Thread 0x00000191b56cccf0 Exception <a 'java/lang/ClassNotFoundException'{0x00000001145e6e10}: build_7nq0jc4ayqwpj9ftj6et9d6n2Customizer> (0x00000001145e6e10) 
thrown [s\src\hotspot\share\classfile\systemDictionary.cpp, line 256]
Event: 48.616 Thread 0x00000191b56cccf0 Exception <a 'java/lang/ClassNotFoundException'{0x0000000113c70688}: build_7nq0jc4ayqwpj9ftj6et9d6n2$_run_closure2BeanInfo> (0x0000000113c70688) 
thrown [s\src\hotspot\share\classfile\systemDictionary.cpp, line 256]
Event: 48.618 Thread 0x00000191b56cccf0 Exception <a 'java/lang/ClassNotFoundException'{0x0000000113c7e030}: build_7nq0jc4ayqwpj9ftj6et9d6n2$_run_closure2Customizer> (0x0000000113c7e030) 
thrown [s\src\hotspot\share\classfile\systemDictionary.cpp, line 256]
Event: 48.694 Thread 0x00000191b56cccf0 Exception <a 'java/lang/ClassNotFoundException'{0x0000000113a88310}: org/gradle/api/internal/file/collections/DefaultConfigurableFileTreeBeanInfo> (0x0000000113a88310) 
thrown [s\src\hotspot\share\classfile\systemDictionary.cpp, line 256]
Event: 48.696 Thread 0x00000191b56cccf0 Exception <a 'java/lang/ClassNotFoundException'{0x0000000113aa08b0}: org/gradle/api/internal/file/CompositeFileTreeBeanInfo> (0x0000000113aa08b0) 
thrown [s\src\hotspot\share\classfile\systemDictionary.cpp, line 256]
Event: 48.698 Thread 0x00000191b56cccf0 Exception <a 'java/lang/ClassNotFoundException'{0x0000000113ab8e58}: org/gradle/api/internal/file/CompositeFileCollectionBeanInfo> (0x0000000113ab8e58) 
thrown [s\src\hotspot\share\classfile\systemDictionary.cpp, line 256]
Event: 48.700 Thread 0x00000191b56cccf0 Exception <a 'java/lang/ClassNotFoundException'{0x0000000113ad1400}: org/gradle/api/internal/file/AbstractFileCollectionBeanInfo> (0x0000000113ad1400) 
thrown [s\src\hotspot\share\classfile\systemDictionary.cpp, line 256]
Event: 48.701 Thread 0x00000191b56cccf0 Exception <a 'java/lang/ClassNotFoundException'{0x0000000113ae9978}: org/gradle/api/internal/file/AbstractFileCollectionCustomizer> (0x0000000113ae9978) 
thrown [s\src\hotspot\share\classfile\systemDictionary.cpp, line 256]
Event: 48.704 Thread 0x00000191b56cccf0 Exception <a 'java/lang/ClassNotFoundException'{0x0000000113916d60}: org/gradle/api/internal/file/CompositeFileCollectionCustomizer> (0x0000000113916d60) 
thrown [s\src\hotspot\share\classfile\systemDictionary.cpp, line 256]
Event: 48.705 Thread 0x00000191b56cccf0 Exception <a 'java/lang/ClassNotFoundException'{0x0000000113937a50}: org/gradle/api/internal/file/CompositeFileTreeCustomizer> (0x0000000113937a50) 
thrown [s\src\hotspot\share\classfile\systemDictionary.cpp, line 256]
Event: 48.707 Thread 0x00000191b56cccf0 Exception <a 'java/lang/ClassNotFoundException'{0x0000000113961868}: org/gradle/api/internal/file/collections/DefaultConfigurableFileTreeCustomizer> (0x0000000113961868) 
thrown [s\src\hotspot\share\classfile\systemDictionary.cpp, line 256]
Event: 48.959 Thread 0x00000191b56cccf0 Exception <a 'java/lang/ClassNotFoundException'{0x00000001159a2448}: build_ct0uq7xcsdqq3uv055bgv751fBeanInfo> (0x00000001159a2448) 
thrown [s\src\hotspot\share\classfile\systemDictionary.cpp, line 256]
Event: 48.959 Thread 0x00000191b56cccf0 Exception <a 'java/lang/ClassNotFoundException'{0x00000001159a9720}: build_ct0uq7xcsdqq3uv055bgv751fCustomizer> (0x00000001159a9720) 
thrown [s\src\hotspot\share\classfile\systemDictionary.cpp, line 256]

VM Operations (20 events):
Event: 45.539 Executing VM operation: Cleanup
Event: 45.539 Executing VM operation: Cleanup done
Event: 45.697 Executing VM operation: G1CollectForAllocation
Event: 45.705 Executing VM operation: G1CollectForAllocation done
Event: 46.261 Executing VM operation: G1CollectForAllocation
Event: 46.266 Executing VM operation: G1CollectForAllocation done
Event: 47.277 Executing VM operation: Cleanup
Event: 47.278 Executing VM operation: Cleanup done
Event: 47.493 Executing VM operation: G1CollectForAllocation
Event: 47.500 Executing VM operation: G1CollectForAllocation done
Event: 47.898 Executing VM operation: G1CollectForAllocation
Event: 47.904 Executing VM operation: G1CollectForAllocation done
Event: 48.240 Executing VM operation: G1CollectForAllocation
Event: 48.243 Executing VM operation: G1CollectForAllocation done
Event: 48.465 Executing VM operation: HandshakeAllThreads
Event: 48.465 Executing VM operation: HandshakeAllThreads done
Event: 48.884 Executing VM operation: G1CollectForAllocation
Event: 48.890 Executing VM operation: G1CollectForAllocation done
Event: 49.467 Executing VM operation: G1CollectForAllocation
Event: 49.474 Executing VM operation: G1CollectForAllocation done

Memory protections (0 events):
No events

Nmethod flushes (20 events):
Event: 39.768 Thread 0x000001919a2e5490 flushing  nmethod 0x0000019189482190
Event: 39.768 Thread 0x000001919a2e5490 flushing  nmethod 0x000001918949e190
Event: 39.768 Thread 0x000001919a2e5490 flushing  nmethod 0x00000191894a2590
Event: 39.768 Thread 0x000001919a2e5490 flushing  nmethod 0x00000191894b5290
Event: 39.768 Thread 0x000001919a2e5490 flushing  nmethod 0x00000191894bde10
Event: 39.769 Thread 0x000001919a2e5490 flushing  nmethod 0x00000191894ce690
Event: 39.769 Thread 0x000001919a2e5490 flushing  nmethod 0x00000191894d9c90
Event: 39.769 Thread 0x000001919a2e5490 flushing  nmethod 0x00000191894dd010
Event: 39.769 Thread 0x000001919a2e5490 flushing  nmethod 0x00000191894ddd10
Event: 39.769 Thread 0x000001919a2e5490 flushing  nmethod 0x00000191894e5390
Event: 39.772 Thread 0x000001919a2e5490 flushing  nmethod 0x00000191895d1110
Event: 39.772 Thread 0x000001919a2e5490 flushing  nmethod 0x00000191895d5d90
Event: 39.772 Thread 0x000001919a2e5490 flushing  nmethod 0x00000191895d6110
Event: 39.772 Thread 0x000001919a2e5490 flushing  nmethod 0x00000191895dd690
Event: 39.773 Thread 0x000001919a2e5490 flushing  nmethod 0x00000191895e5990
Event: 39.776 Thread 0x000001919a2e5490 flushing  nmethod 0x0000019189650690
Event: 39.777 Thread 0x000001919a2e5490 flushing  nmethod 0x000001918968c390
Event: 39.778 Thread 0x000001919a2e5490 flushing  nmethod 0x00000191896d5f90
Event: 39.778 Thread 0x000001919a2e5490 flushing  nmethod 0x00000191896d6310
Event: 39.778 Thread 0x000001919a2e5490 flushing  nmethod 0x00000191896d7010

Events (20 events):
Event: 37.748 Thread 0x00000191c2eb2b90 Thread added: 0x00000191c2eb40d0
Event: 40.753 Thread 0x00000191c2eb40d0 Thread exited: 0x00000191c2eb40d0
Event: 40.933 Thread 0x00000191c2eb20f0 Thread exited: 0x00000191c2eb20f0
Event: 41.114 Thread 0x00000191c2eb2b90 Thread exited: 0x00000191c2eb2b90
Event: 41.114 Thread 0x00000191c2eb3630 Thread exited: 0x00000191c2eb3630
Event: 41.119 Thread 0x00000191c2eb1ba0 Thread exited: 0x00000191c2eb1ba0
Event: 41.119 Thread 0x00000191c2eb3b80 Thread exited: 0x00000191c2eb3b80
Event: 41.220 Thread 0x000001919a2d8b50 Thread added: 0x00000191c2eb3630
Event: 41.220 Thread 0x000001919a2d8b50 Thread added: 0x00000191c2eb3b80
Event: 41.430 Thread 0x00000191c2eb3630 Thread added: 0x00000191c2eb1ba0
Event: 41.852 Thread 0x00000191b56b5880 Thread added: 0x00000191c054fdc0
Event: 42.266 Thread 0x00000191c2eb1ba0 Thread exited: 0x00000191c2eb1ba0
Event: 42.267 Thread 0x00000191b8639ff0 Thread exited: 0x00000191b8639ff0
Event: 43.239 Thread 0x00000191c2eb3b80 Thread exited: 0x00000191c2eb3b80
Event: 43.697 Thread 0x000001919a2d8b50 Thread added: 0x00000191c2eb3b80
Event: 44.223 Thread 0x00000191c2eb3630 Thread added: 0x00000191c2eb4620
Event: 45.786 Thread 0x00000191c2eb3630 Thread exited: 0x00000191c2eb3630
Event: 46.132 Thread 0x00000191c2eb4620 Thread exited: 0x00000191c2eb4620
Event: 48.847 Thread 0x000001919a2d8b50 Thread added: 0x00000191c2eb40d0
Event: 49.133 Thread 0x000001919a2d8b50 Thread added: 0x00000191c2eb5b60


Dynamic libraries:
0x00007ff782130000 - 0x00007ff78213e000 	C:\Program Files\Microsoft\jdk-17.0.17.10-hotspot\bin\java.exe
0x00007ffc47380000 - 0x00007ffc475e7000 	C:\WINDOWS\SYSTEM32\ntdll.dll
0x00007ffc45e20000 - 0x00007ffc45ee9000 	C:\WINDOWS\System32\KERNEL32.DLL
0x00007ffc44d00000 - 0x00007ffc450f7000 	C:\WINDOWS\System32\KERNELBASE.dll
0x00007ffc44b20000 - 0x00007ffc44c6b000 	C:\WINDOWS\System32\ucrtbase.dll
0x00007ffc253c0000 - 0x00007ffc253de000 	C:\Program Files\Microsoft\jdk-17.0.17.10-hotspot\bin\VCRUNTIME140.dll
0x00007ffc26cb0000 - 0x00007ffc26cc8000 	C:\Program Files\Microsoft\jdk-17.0.17.10-hotspot\bin\jli.dll
0x00007ffc469c0000 - 0x00007ffc46b86000 	C:\WINDOWS\System32\USER32.dll
0x00007ffc44af0000 - 0x00007ffc44b17000 	C:\WINDOWS\System32\win32u.dll
0x00007ffc2ea00000 - 0x00007ffc2ec92000 	C:\WINDOWS\WinSxS\amd64_microsoft.windows.common-controls_6595b64144ccf1df_6.0.26100.8457_none_3e0b2faee331e92d\COMCTL32.dll
0x00007ffc46990000 - 0x00007ffc469bb000 	C:\WINDOWS\System32\GDI32.dll
0x00007ffc45d30000 - 0x00007ffc45dd9000 	C:\WINDOWS\System32\msvcrt.dll
0x00007ffc449c0000 - 0x00007ffc44aec000 	C:\WINDOWS\System32\gdi32full.dll
0x00007ffc43db0000 - 0x00007ffc43e53000 	C:\WINDOWS\System32\msvcp_win.dll
0x00007ffc45de0000 - 0x00007ffc45e12000 	C:\WINDOWS\System32\IMM32.DLL
0x00007ffc38a90000 - 0x00007ffc38a9c000 	C:\Program Files\Microsoft\jdk-17.0.17.10-hotspot\bin\vcruntime140_1.dll
0x00007ffc147c0000 - 0x00007ffc14849000 	C:\Program Files\Microsoft\jdk-17.0.17.10-hotspot\bin\msvcp140.dll
0x00007ffb82f10000 - 0x00007ffb83b8a000 	C:\Program Files\Microsoft\jdk-17.0.17.10-hotspot\bin\server\jvm.dll
0x00007ffc45b10000 - 0x00007ffc45bc6000 	C:\WINDOWS\System32\ADVAPI32.dll
0x00007ffc47290000 - 0x00007ffc47337000 	C:\WINDOWS\System32\sechost.dll
0x00007ffc455c0000 - 0x00007ffc456d8000 	C:\WINDOWS\System32\RPCRT4.dll
0x00007ffc45a80000 - 0x00007ffc45b00000 	C:\WINDOWS\System32\WS2_32.dll
0x00007ffc3bb20000 - 0x00007ffc3bb56000 	C:\WINDOWS\SYSTEM32\WINMM.dll
0x00007ffc43c30000 - 0x00007ffc43c8e000 	C:\WINDOWS\SYSTEM32\POWRPROF.dll
0x00007ffc3bb60000 - 0x00007ffc3bb6b000 	C:\WINDOWS\SYSTEM32\VERSION.dll
0x00007ffc43c10000 - 0x00007ffc43c24000 	C:\WINDOWS\SYSTEM32\UMPDC.dll
0x00007ffc42b00000 - 0x00007ffc42b1b000 	C:\WINDOWS\SYSTEM32\kernel.appcore.dll
0x00007ffc34a70000 - 0x00007ffc34a7a000 	C:\Program Files\Microsoft\jdk-17.0.17.10-hotspot\bin\jimage.dll
0x00007ffc41f20000 - 0x00007ffc42162000 	C:\WINDOWS\SYSTEM32\DBGHELP.DLL
0x00007ffc456e0000 - 0x00007ffc45a63000 	C:\WINDOWS\System32\combase.dll
0x00007ffc46ed0000 - 0x00007ffc46fa9000 	C:\WINDOWS\System32\OLEAUT32.dll
0x00007ffc258c0000 - 0x00007ffc258fb000 	C:\WINDOWS\SYSTEM32\dbgcore.DLL
0x00007ffc44850000 - 0x00007ffc448f8000 	C:\WINDOWS\System32\bcryptPrimitives.dll
0x00007ffc29230000 - 0x00007ffc2923f000 	C:\Program Files\Microsoft\jdk-17.0.17.10-hotspot\bin\instrument.dll
0x00007ffc19f70000 - 0x00007ffc19f96000 	C:\Program Files\Microsoft\jdk-17.0.17.10-hotspot\bin\java.dll
0x00007ffbc8800000 - 0x00007ffbc88d6000 	C:\Program Files\Microsoft\jdk-17.0.17.10-hotspot\bin\jsvml.dll
0x00007ffc45ef0000 - 0x00007ffc4665e000 	C:\WINDOWS\System32\SHELL32.dll
0x00007ffc43fe0000 - 0x00007ffc4484c000 	C:\WINDOWS\System32\windows.storage.dll
0x00007ffc46890000 - 0x00007ffc46986000 	C:\WINDOWS\System32\SHCORE.dll
0x00007ffc471c0000 - 0x00007ffc47226000 	C:\WINDOWS\System32\shlwapi.dll
0x00007ffc43cd0000 - 0x00007ffc43cf9000 	C:\WINDOWS\SYSTEM32\profapi.dll
0x00007ffc1dc00000 - 0x00007ffc1dc18000 	C:\Program Files\Microsoft\jdk-17.0.17.10-hotspot\bin\zip.dll
0x00007ffc1e190000 - 0x00007ffc1e1ab000 	C:\Program Files\Microsoft\jdk-17.0.17.10-hotspot\bin\net.dll
0x00007ffc3d490000 - 0x00007ffc3d5b9000 	C:\WINDOWS\SYSTEM32\WINHTTP.dll
0x00007ffc43050000 - 0x00007ffc430bc000 	C:\WINDOWS\system32\mswsock.dll
0x00007ffc1de40000 - 0x00007ffc1de56000 	C:\Program Files\Microsoft\jdk-17.0.17.10-hotspot\bin\nio.dll
0x00007ffc33710000 - 0x00007ffc33720000 	C:\Program Files\Microsoft\jdk-17.0.17.10-hotspot\bin\verify.dll
0x00007ffc388c0000 - 0x00007ffc388e7000 	C:\Users\Grahald\.gradle\native\c067742578af261105cb4f569cf0c3c89f3d7b1fecec35dd04571415982c5e48\windows-amd64\native-platform.dll
0x00007ffbc74a0000 - 0x00007ffbc75e4000 	C:\Users\Grahald\.gradle\native\100fb08df4bc3b14c8652ba06237920a3bd2aa13389f12d3474272988ae205f9\windows-amd64\native-platform-file-events.dll
0x00007ffc2af60000 - 0x00007ffc2af6a000 	C:\Program Files\Microsoft\jdk-17.0.17.10-hotspot\bin\management.dll
0x00007ffc29410000 - 0x00007ffc2941c000 	C:\Program Files\Microsoft\jdk-17.0.17.10-hotspot\bin\management_ext.dll
0x00007ffc46880000 - 0x00007ffc46888000 	C:\WINDOWS\System32\PSAPI.DLL
0x00007ffc43450000 - 0x00007ffc4346b000 	C:\WINDOWS\SYSTEM32\CRYPTSP.dll
0x00007ffc42a60000 - 0x00007ffc42a99000 	C:\WINDOWS\system32\rsaenh.dll
0x00007ffc43100000 - 0x00007ffc43133000 	C:\WINDOWS\SYSTEM32\USERENV.dll
0x00007ffc43ca0000 - 0x00007ffc43cca000 	C:\WINDOWS\SYSTEM32\bcrypt.dll
0x00007ffc432b0000 - 0x00007ffc432bc000 	C:\WINDOWS\SYSTEM32\CRYPTBASE.dll
0x00007ffc424f0000 - 0x00007ffc42522000 	C:\WINDOWS\SYSTEM32\IPHLPAPI.DLL
0x00007ffc46ec0000 - 0x00007ffc46eca000 	C:\WINDOWS\System32\NSI.dll
0x00007ffc3daa0000 - 0x00007ffc3dabd000 	C:\WINDOWS\SYSTEM32\dhcpcsvc6.DLL
0x00007ffc3d9f0000 - 0x00007ffc3da15000 	C:\WINDOWS\SYSTEM32\dhcpcsvc.DLL
0x00007ffc42530000 - 0x00007ffc42662000 	C:\WINDOWS\SYSTEM32\DNSAPI.dll
0x00007ffc33aa0000 - 0x00007ffc33aa9000 	C:\Program Files\Microsoft\jdk-17.0.17.10-hotspot\bin\extnet.dll
0x00007ffc34900000 - 0x00007ffc3490e000 	C:\Program Files\Microsoft\jdk-17.0.17.10-hotspot\bin\sunmscapi.dll
0x00007ffc43e60000 - 0x00007ffc43fd8000 	C:\WINDOWS\System32\CRYPT32.dll
0x00007ffc435b0000 - 0x00007ffc435e0000 	C:\WINDOWS\SYSTEM32\ncrypt.dll
0x00007ffc43560000 - 0x00007ffc4359f000 	C:\WINDOWS\SYSTEM32\NTASN1.dll
0x00007ffbff3a0000 - 0x00007ffbff3a8000 	C:\WINDOWS\system32\wshunix.dll
0x00007ffc3c310000 - 0x00007ffc3c31b000 	C:\Windows\System32\rasadhlp.dll
0x00007ffc3e310000 - 0x00007ffc3e396000 	C:\WINDOWS\System32\fwpuclnt.dll
0x00007ffc293d0000 - 0x00007ffc293e8000 	C:\WINDOWS\system32\napinsp.dll
0x00007ffc29450000 - 0x00007ffc29463000 	C:\WINDOWS\System32\winrnr.dll
0x00007ffbf9840000 - 0x00007ffbf9862000 	C:\WINDOWS\system32\nlansp_c.dll
0x00007ffc13250000 - 0x00007ffc13266000 	C:\WINDOWS\system32\wshbth.dll

dbghelp: loaded successfully - version: 4.0.5 - missing functions: none
symbol engine: initialized successfully - sym options: 0x614 - pdb path: .;C:\Program Files\Microsoft\jdk-17.0.17.10-hotspot\bin;C:\WINDOWS\SYSTEM32;C:\WINDOWS\WinSxS\amd64_microsoft.windows.common-controls_6595b64144ccf1df_6.0.26100.8457_none_3e0b2faee331e92d;C:\Program Files\Microsoft\jdk-17.0.17.10-hotspot\bin\server;C:\Users\Grahald\.gradle\native\c067742578af261105cb4f569cf0c3c89f3d7b1fecec35dd04571415982c5e48\windows-amd64;C:\Users\Grahald\.gradle\native\100fb08df4bc3b14c8652ba06237920a3bd2aa13389f12d3474272988ae205f9\windows-amd64

VM Arguments:
jvm_args: -XX:MaxMetaspaceSize=384m -XX:HeapBaseMinAddress=4294967296 --add-opens=java.base/java.util=ALL-UNNAMED --add-opens=java.base/java.lang=ALL-UNNAMED --add-opens=java.base/java.lang.invoke=ALL-UNNAMED --add-opens=java.prefs/java.util.prefs=ALL-UNNAMED --add-opens=java.base/java.nio.charset=ALL-UNNAMED --add-opens=java.base/java.net=ALL-UNNAMED --add-opens=java.base/java.util.concurrent.atomic=ALL-UNNAMED -Xmx1536m -Dfile.encoding=windows-1252 -Duser.country=US -Duser.language=en -Duser.variant -javaagent:C:\Users\Grahald\.gradle\wrapper\dists\gradle-8.8-all\6gdy1pgp427xkqcjbxw3ylt6h\gradle-8.8\lib\agents\gradle-instrumentation-agent-8.8.jar 
java_command: org.gradle.launcher.daemon.bootstrap.GradleDaemon 8.8
java_class_path (initial): C:\Users\Grahald\.gradle\wrapper\dists\gradle-8.8-all\6gdy1pgp427xkqcjbxw3ylt6h\gradle-8.8\lib\gradle-launcher-8.8.jar
Launcher Type: SUN_STANDARD

[Global flags]
     intx CICompilerCount                          = 12                                        {product} {ergonomic}
   size_t CompressedClassSpaceSize                 = 335544320                                 {product} {ergonomic}
     uint ConcGCThreads                            = 3                                         {product} {ergonomic}
     uint G1ConcRefinementThreads                  = 13                                        {product} {ergonomic}
   size_t G1HeapRegionSize                         = 1048576                                   {product} {ergonomic}
    uintx GCDrainStackTargetSize                   = 64                                        {product} {ergonomic}
   size_t HeapBaseMinAddress                       = 4294967296                             {pd product} {command line}
   size_t InitialHeapSize                          = 255852544                                 {product} {ergonomic}
   size_t MarkStackSize                            = 4194304                                   {product} {ergonomic}
   size_t MaxHeapSize                              = 1610612736                                {product} {command line}
   size_t MaxMetaspaceSize                         = 402653184                                 {product} {command line}
   size_t MaxNewSize                               = 965738496                                 {product} {ergonomic}
   size_t MinHeapDeltaBytes                        = 1048576                                   {product} {ergonomic}
   size_t MinHeapSize                              = 8388608                                   {product} {ergonomic}
    uintx NonNMethodCodeHeapSize                   = 7602480                                {pd product} {ergonomic}
    uintx NonProfiledCodeHeapSize                  = 122027880                              {pd product} {ergonomic}
    uintx ProfiledCodeHeapSize                     = 122027880                              {pd product} {ergonomic}
    uintx ReservedCodeCacheSize                    = 251658240                              {pd product} {ergonomic}
     bool SegmentedCodeCache                       = true                                      {product} {ergonomic}
   size_t SoftMaxHeapSize                          = 1610612736                             {manageable} {ergonomic}
     bool UseCompressedClassPointers               = true                           {product lp64_product} {ergonomic}
     bool UseCompressedOops                        = true                           {product lp64_product} {ergonomic}
     bool UseG1GC                                  = true                                      {product} {ergonomic}
     bool UseLargePagesIndividualAllocation        = false                                  {pd product} {ergonomic}

Logging:
Log output configuration:
 #0: stdout all=warning uptime,level,tags
 #1: stderr all=off uptime,level,tags

Environment Variables:
JAVA_HOME=C:\Program Files\Microsoft\jdk-17.0.17.10-hotspot\
CLASSPATH=D:\Belajar\tias-mobile\android\\gradle\wrapper\gradle-wrapper.jar
PATH=D:\Belajar\tias-mobile\node_modules\.bin;D:\Belajar\tias-mobile\node_modules\.bin;D:\Belajar\node_modules\.bin;D:\node_modules\.bin;C:\Users\Grahald\AppData\Roaming\npm\node_modules\npm\node_modules\@npmcli\run-script\lib\node-gyp-bin;C:/Users/Grahald/.gemini/antigravity-ide/bin;C:\Program Files\Microsoft\jdk-17.0.17.10-hotspot\bin;C:\Program Files\Java\jdk-XX\bin;C:\WINDOWS\system32;C:\WINDOWS;C:\WINDOWS\System32\Wbem;C:\WINDOWS\System32\WindowsPowerShell\v1.0\;C:\WINDOWS\System32\OpenSSH\;C:\ProgramData\chocolatey\bin;C:\ProgramData\ComposerSetup\bin;C:\Program Files\Git\cmd;C:\Program Files\PostgreSQL\16\bin;C:\laragon\bin\php\php-8.1.10-Win32-vs16-x64;C:\Program Files\Docker\Docker\resources\bin;%NVM_HOME%;%NVM_SYMLINK%;C:\Users\Grahald\AppData\Local\agy\bin;C:\Users\Grahald\.local\bin;C:\laragon\bin;C:\laragon\bin\apache\httpd-2.4.54-win64-VS16\bin;C:\laragon\bin\composer;C:\laragon\bin\git\bin;C:\laragon\bin\git\cmd;C:\laragon\bin\git\mingw64\bin;C:\laragon\bin\git\usr\bin;C:\laragon\bin\laragon\utils;C:\laragon\bin\mysql\mysql-8.0.30-winx64\bin;C:\laragon\bin\nginx\nginx-1.22.0;C:\laragon\bin\ngrok;C:\laragon\bin\nodejs;C:\laragon\bin\notepad++;C:\laragon\bin\php\php-8.2.30-Win32-vs16-x64;C:\laragon\bin\python\python-3.10;C:\laragon\bin\python\python-3.10\Scripts;C:\laragon\bin\redis\redis-x64-5.0.14.1;C:\laragon\bin\telnet;C:\laragon\usr\bin;C:\Users\Grahald\AppData\Local\Yarn\config\global\node_modules\.bin;C:\Users\Grahald\AppData\Roaming\Composer\vendor\bin;C:\Users\Grahald\AppData\Roaming\npm;C:\Users\Grahald\AppData\Local\Microsoft\WindowsApps;C:\Users\Grahald\AppData\Local\Programs\Microsoft VS Code\bin;C:\Users\Grahald\AppData\Local\nvm;C:\nvm4w\nodejs;C:\Users\Grahald\AppData\Local\Android\Sdk\platform-tools;C:\Users\Grahald\AppData\Local\Programs\Kiro\bin;C:\Users\Grahald\AppData\Local\Programs\Antigravity IDE\bin;C:\Users\Grahald\AppData\Local\Google\Cloud SDK\google-cloud-sdk\bin
USERNAME=Grahald
OS=Windows_NT
PROCESSOR_IDENTIFIER=AMD64 Family 23 Model 96 Stepping 1, AuthenticAMD
TMP=C:\Users\Grahald\AppData\Local\Temp
TEMP=C:\Users\Grahald\AppData\Local\Temp



Periodic native trim disabled


---------------  S Y S T E M  ---------------

OS:
 Windows 11 , 64 bit Build 26100 (10.0.26100.8328)
OS uptime: 4 days 3:22 hours
Hyper-V role detected

CPU: total 16 (initial active 16) (16 cores per cpu, 2 threads per core) family 23 model 96 stepping 1 microcode 0x860010f, cx8, cmov, fxsr, ht, mmx, 3dnowpref, sse, sse2, sse3, ssse3, sse4a, sse4.1, sse4.2, popcnt, lzcnt, tsc, tscinvbit, avx, avx2, aes, clmul, bmi1, bmi2, adx, sha, fma, vzeroupper, clflush, clflushopt, hv
Processor Information for the first 16 processors :
  Max Mhz: 1700, Current Mhz: 1700, Mhz Limit: 1700

Memory: 4k page, system-wide physical 15591M (1931M free)
TotalPageFile size 29755M (AvailPageFile size 0M)
current process WorkingSet (physical memory assigned to process): 717M, peak: 729M
current process commit charge ("private bytes"): 781M, peak: 801M

vm_info: OpenJDK 64-Bit Server VM (17.0.17+10-LTS) for windows-amd64 JRE (17.0.17+10-LTS), built on Oct 13 2025 22:19:56 by "MicrosoftCorporation" with unknown MS VC++:1944

END.
