#
# There is insufficient memory for the Java Runtime Environment to continue.
# Native memory allocation (mmap) failed to map 245366784 bytes. Error detail: G1 virtual space
# Possible reasons:
#   The system is out of physical RAM or swap space
#   This process is running with CompressedOops enabled, and the Java Heap may be blocking the growth of the native heap
# Possible solutions:
#   Reduce memory load on the system
#   Increase physical memory or swap space
#   Check if swap backing store is full
#   Decrease Java heap size (-Xmx/-Xms)
#   Decrease number of Java threads
#   Decrease Java thread stack sizes (-Xss)
#   Set larger code cache with -XX:ReservedCodeCacheSize=
#   JVM is running with Unscaled Compressed Oops mode in which the Java heap is
#     placed in the first 4GB address space. The Java Heap base address is the
#     maximum limit for the native heap growth. Please use -XX:HeapBaseMinAddress
#     to set the Java Heap base and to place the Java Heap above 4GB virtual address.
# This output file may be truncated or incomplete.
#
#  Out of Memory Error (os_windows.cpp:3690), pid=34152, tid=31996
#
# JRE version: OpenJDK Runtime Environment Microsoft-12574423 (17.0.17+10) (build 17.0.17+10-LTS)
# Java VM: OpenJDK 64-Bit Server VM Microsoft-12574423 (17.0.17+10-LTS, mixed mode, sharing, tiered, compressed oops, compressed class ptrs, g1 gc, windows-amd64)
# No core dump will be written. Minidumps are not enabled by default on client versions of Windows
#

---------------  S U M M A R Y ------------

Command Line: -XX:MaxMetaspaceSize=512m --add-opens=java.base/java.util=ALL-UNNAMED --add-opens=java.base/java.lang=ALL-UNNAMED --add-opens=java.base/java.lang.invoke=ALL-UNNAMED --add-opens=java.prefs/java.util.prefs=ALL-UNNAMED --add-opens=java.base/java.nio.charset=ALL-UNNAMED --add-opens=java.base/java.net=ALL-UNNAMED --add-opens=java.base/java.util.concurrent.atomic=ALL-UNNAMED -Xmx2048m -Dfile.encoding=windows-1252 -Duser.country=US -Duser.language=en -Duser.variant -javaagent:C:\Users\Grahald\.gradle\wrapper\dists\gradle-8.8-all\6gdy1pgp427xkqcjbxw3ylt6h\gradle-8.8\lib\agents\gradle-instrumentation-agent-8.8.jar org.gradle.launcher.daemon.bootstrap.GradleDaemon 8.8

Host: AMD Ryzen 7 PRO 4750U with Radeon Graphics, 16 cores, 15G,  Windows 11 , 64 bit Build 26100 (10.0.26100.8328)
Time: Wed Jun  3 11:07:20 2026 SE Asia Standard Time elapsed time: 15.979970 seconds (0d 0h 0m 15s)

---------------  T H R E A D  ---------------

Current thread (0x000001b5fc3e7ca0):  VMThread "VM Thread" [stack: 0x0000008a2f500000,0x0000008a2f600000] [id=31996]

Stack: [0x0000008a2f500000,0x0000008a2f600000]
Native frames: (J=compiled Java code, j=interpreted, Vv=VM code, C=native code)
V  [jvm.dll+0x68c459]  (no source info available)
V  [jvm.dll+0x845e09]  (no source info available)
V  [jvm.dll+0x847b78]  (no source info available)
V  [jvm.dll+0x848203]  (no source info available)
V  [jvm.dll+0x24cf6f]  (no source info available)
V  [jvm.dll+0x68b859]  (no source info available)
V  [jvm.dll+0x67fe1a]  (no source info available)
V  [jvm.dll+0x3100f0]  (no source info available)
V  [jvm.dll+0x30ff92]  (no source info available)
V  [jvm.dll+0x3174e9]  (no source info available)
V  [jvm.dll+0x3697c9]  (no source info available)
V  [jvm.dll+0x3699fd]  (no source info available)
V  [jvm.dll+0x2e68fa]  (no source info available)
V  [jvm.dll+0x2e4cf1]  (no source info available)
V  [jvm.dll+0x2e448c]  (no source info available)
V  [jvm.dll+0x328e1b]  (no source info available)
V  [jvm.dll+0x84ca8d]  (no source info available)
V  [jvm.dll+0x84d7a3]  (no source info available)
V  [jvm.dll+0x84dcd4]  (no source info available)
V  [jvm.dll+0x84e0b8]  (no source info available)
V  [jvm.dll+0x84e1ae]  (no source info available)
V  [jvm.dll+0x7f5a5c]  (no source info available)
V  [jvm.dll+0x68d9f7]  (no source info available)
C  [ucrtbase.dll+0x37b0]  (no source info available)
C  [KERNEL32.DLL+0x2e957]  (no source info available)
C  [ntdll.dll+0x427c]  (no source info available)

VM_Operation (0x0000008a344fd330): G1CollectForAllocation, mode: safepoint, requested by thread 0x000001b5a31f4160


---------------  P R O C E S S  ---------------

Threads class SMR info:
_java_thread_list=0x000001b59fb4db90, length=240, elements={
0x000001b5dd421aa0, 0x000001b5fc43a290, 0x000001b5fc43ae50, 0x000001b5fc448840,
0x000001b5fc44b220, 0x000001b5fc44bbe0, 0x000001b5fc44c5a0, 0x000001b5fc4521d0,
0x000001b5fc458b40, 0x000001b5fc454af0, 0x000001b5fc3d44f0, 0x000001b5fc5a45e0,
0x000001b5fc5a4b00, 0x000001b5fc656990, 0x000001b5fd9daac0, 0x000001b5fe1acef0,
0x000001b5fcf8b940, 0x000001b5fc7a62a0, 0x000001b5fe7a5220, 0x000001b5fe868000,
0x000001b5fc76ded0, 0x000001b5fc76b140, 0x000001b5fc76d9c0, 0x000001b5fc76ca90,
0x000001b5fc76a720, 0x000001b5fc76bb60, 0x000001b5fc76c580, 0x000001b5fc76d4b0,
0x000001b59f8d6a80, 0x000001b59f8d6f90, 0x000001b59f8d8df0, 0x000001b59f8d9300,
0x000001b59f8d6570, 0x000001b59f8d88e0, 0x000001b59f8d9810, 0x000001b59f8da740,
0x000001b59f8db160, 0x000001b59f8da230, 0x000001b59f8d9d20, 0x000001b59f8dd9e0,
0x000001b59f8dc090, 0x000001b59f8dcab0, 0x000001b5fc76c070, 0x000001b5a31f2810,
0x000001b5a31efa80, 0x000001b5a31f13d0, 0x000001b5a31ef570, 0x000001b5a31ef060,
0x000001b5a31f2d20, 0x000001b5a31f2300, 0x000001b5a31f0ec0, 0x000001b5a31f3230,
0x000001b5a31f18e0, 0x000001b5a31f3740, 0x000001b5a31f04a0, 0x000001b5a31f09b0,
0x000001b5a31eff90, 0x000001b5a31f4670, 0x000001b5a31f3c50, 0x000001b5a31f5fc0,
0x000001b5a31f5090, 0x000001b5a31f4160, 0x000001b5a31f64d0, 0x000001b5a31f69e0,
0x000001b5a31f55a0, 0x000001b5a31f4b80, 0x000001b5a31f5ab0, 0x000001b5a261f4f0,
0x000001b5a261efe0, 0x000001b5a2620420, 0x000001b5a261fa00, 0x000001b5a2620e40,
0x000001b5a261ff10, 0x000001b5a2621350, 0x000001b5a261dba0, 0x000001b5a261e0b0,
0x000001b5a2621860, 0x000001b5a2621d70, 0x000001b5a261e5c0, 0x000001b5a2620930,
0x000001b5a2622280, 0x000001b5a261ead0, 0x000001b5a26240e0, 0x000001b5a26245f0,
0x000001b5a2622790, 0x000001b5a2623bd0, 0x000001b5a2625520, 0x000001b5a2624b00,
0x000001b5a26231b0, 0x000001b5a26236c0, 0x000001b5a19e10e0, 0x000001b5a19e4da0,
0x000001b5a19e2a30, 0x000001b5a19e15f0, 0x000001b5a19e52b0, 0x000001b5a19e2010,
0x000001b5a19e57c0, 0x000001b5a19e2520, 0x000001b5a19e5cd0, 0x000001b5a19e61e0,
0x000001b5a19e66f0, 0x000001b5a19e6c00, 0x000001b5a19e3450, 0x000001b5a19e7110,
0x000001b5a19e3960, 0x000001b5a19e7620, 0x000001b5a19e3e70, 0x000001b5a19e7b30,
0x000001b5a19e8040, 0x000001b5a19e8550, 0x000001b5a19e8a60, 0x000001b5a3192b70,
0x000001b5a3190d10, 0x000001b5a31949d0, 0x000001b5a31944c0, 0x000001b5a3191220,
0x000001b5a3193080, 0x000001b5a3193590, 0x000001b5a3194ee0, 0x000001b5a3193fb0,
0x000001b5a3192660, 0x000001b5a3191730, 0x000001b5a3193aa0, 0x000001b5a3192150,
0x000001b5a3191c40, 0x000001b5a3195900, 0x000001b5a3197250, 0x000001b5a3197760,
0x000001b5a3195e10, 0x000001b5a3197c70, 0x000001b5a3198180, 0x000001b5a3196320,
0x000001b5a3196830, 0x000001b5a3196d40, 0x000001b5a3198690, 0x000001b5a317c2c0,
0x000001b5a3179530, 0x000001b5a3179a40, 0x000001b5a317cce0, 0x000001b5a317b390,
0x000001b5a317bdb0, 0x000001b5a317a460, 0x000001b5a317a970, 0x000001b5a317d1f0,
0x000001b5a317ae80, 0x000001b5feab8810, 0x000001b5a317c7d0, 0x000001b5a317d700,
0x000001b5a3179f50, 0x000001b5a317dc10, 0x000001b5a317f050, 0x000001b5a317eb40,
0x000001b5a317b8a0, 0x000001b5a317f560, 0x000001b5a31809a0, 0x000001b5a317fa70,
0x000001b5a3180eb0, 0x000001b5a317e120, 0x000001b5a3180490, 0x000001b5a317e630,
0x000001b5fd497700, 0x000001b5fd497c10, 0x000001b5feab8d60, 0x000001b5fd499f80,
0x000001b5fd4971f0, 0x000001b5fd499050, 0x000001b5fd496ce0, 0x000001b5fd498120,
0x000001b5fd49b8d0, 0x000001b5fd49bde0, 0x000001b5fd498630, 0x000001b5fd498b40,
0x000001b5fd49a490, 0x000001b5fd49b3c0, 0x000001b5fd49a9a0, 0x000001b5fd49aeb0,
0x000001b5fd49c800, 0x000001b5fd49cd10, 0x000001b5fd499560, 0x000001b5fd49d220,
0x000001b5fd49d730, 0x000001b5fd49dc40, 0x000001b5fd49e150, 0x000001b5fd49e660,
0x000001b5a317ff80, 0x000001b59fc6d510, 0x000001b59fc6f370, 0x000001b59fc6f880,
0x000001b59fc6ee60, 0x000001b59fc6c5e0, 0x000001b59fc6c0d0, 0x000001b59fc6caf0,
0x000001b59fc6fd90, 0x000001b59fc702a0, 0x000001b59fc707b0, 0x000001b59fc6e950,
0x000001b59fc6d000, 0x000001b59fc70cc0, 0x000001b59fc6da20, 0x000001b59fc711d0,
0x000001b59fc72610, 0x000001b59fc72100, 0x000001b59fc72b20, 0x000001b59fc73540,
0x000001b59fc73a50, 0x000001b59fc73030, 0x000001b59fc71bf0, 0x000001b5fc76cfa0,
0x000001b5a2622ca0, 0x000001b59f8db670, 0x000001b59fc9f4a0, 0x000001b59fca1300,
0x000001b59fc9f9b0, 0x000001b59fc9ea80, 0x000001b59fca03d0, 0x000001b59fca08e0,
0x000001b59fc9fec0, 0x000001b59fca1810, 0x000001b59fc9e060, 0x000001b59fca1d20,
0x000001b59fc9e570, 0x000001b59fca2740, 0x000001b59fc9ef90, 0x000001b59fca4090,
0x000001b59fca59e0, 0x000001b59fca2c50, 0x000001b59fca3b80, 0x000001b59fca4ab0,
0x000001b59fca3670, 0x000001b59fca45a0, 0x000001b59fca54d0, 0x000001b59fca4fc0,
0x000001b59fca2230, 0x000001b59fca3160, 0x000001b59fca8260, 0x000001b59fca8c80,
0x000001b59fca8770, 0x000001b5feab5840, 0x000001b5feab9800, 0x000001b5feab5d90
}

Java Threads: ( => current thread )
  0x000001b5dd421aa0 JavaThread "main" [_thread_blocked, id=28656, stack(0x0000008a2ef00000,0x0000008a2f000000)]
  0x000001b5fc43a290 JavaThread "Reference Handler" daemon [_thread_blocked, id=9912, stack(0x0000008a2f600000,0x0000008a2f700000)]
  0x000001b5fc43ae50 JavaThread "Finalizer" daemon [_thread_blocked, id=32032, stack(0x0000008a2f700000,0x0000008a2f800000)]
  0x000001b5fc448840 JavaThread "Signal Dispatcher" daemon [_thread_blocked, id=28544, stack(0x0000008a2f800000,0x0000008a2f900000)]
  0x000001b5fc44b220 JavaThread "Attach Listener" daemon [_thread_blocked, id=12292, stack(0x0000008a2f900000,0x0000008a2fa00000)]
  0x000001b5fc44bbe0 JavaThread "Service Thread" daemon [_thread_blocked, id=18680, stack(0x0000008a2fa00000,0x0000008a2fb00000)]
  0x000001b5fc44c5a0 JavaThread "Monitor Deflation Thread" daemon [_thread_blocked, id=33024, stack(0x0000008a2fb00000,0x0000008a2fc00000)]
  0x000001b5fc4521d0 JavaThread "C2 CompilerThread0" daemon [_thread_blocked, id=33444, stack(0x0000008a2fc00000,0x0000008a2fd00000)]
  0x000001b5fc458b40 JavaThread "C1 CompilerThread0" daemon [_thread_blocked, id=33944, stack(0x0000008a2fd00000,0x0000008a2fe00000)]
  0x000001b5fc454af0 JavaThread "Sweeper thread" daemon [_thread_blocked, id=14104, stack(0x0000008a2fe00000,0x0000008a2ff00000)]
  0x000001b5fc3d44f0 JavaThread "Common-Cleaner" daemon [_thread_blocked, id=11732, stack(0x0000008a2ff00000,0x0000008a30000000)]
  0x000001b5fc5a45e0 JavaThread "C1 CompilerThread1" daemon [_thread_blocked, id=18228, stack(0x0000008a30000000,0x0000008a30100000)]
  0x000001b5fc5a4b00 JavaThread "C1 CompilerThread2" daemon [_thread_blocked, id=11372, stack(0x0000008a30100000,0x0000008a30200000)]
  0x000001b5fc656990 JavaThread "Notification Thread" daemon [_thread_blocked, id=25316, stack(0x0000008a30300000,0x0000008a30400000)]
  0x000001b5fd9daac0 JavaThread "C1 CompilerThread3" daemon [_thread_blocked, id=17724, stack(0x0000008a30b00000,0x0000008a30c00000)]
  0x000001b5fe1acef0 JavaThread "Daemon health stats" [_thread_blocked, id=3396, stack(0x0000008a30600000,0x0000008a30700000)]
  0x000001b5fcf8b940 JavaThread "Incoming local TCP Connector on port 62820" [_thread_in_native, id=31000, stack(0x0000008a30c00000,0x0000008a30d00000)]
  0x000001b5fc7a62a0 JavaThread "Daemon periodic checks" [_thread_blocked, id=15508, stack(0x0000008a30500000,0x0000008a30600000)]
  0x000001b5fe7a5220 JavaThread "Daemon" [_thread_blocked, id=18068, stack(0x0000008a30d00000,0x0000008a30e00000)]
  0x000001b5fe868000 JavaThread "Handler for socket connection from /127.0.0.1:62820 to /127.0.0.1:62821" [_thread_in_native, id=13364, stack(0x0000008a30e00000,0x0000008a30f00000)]
  0x000001b5fc76ded0 JavaThread "Cancel handler" [_thread_blocked, id=21448, stack(0x0000008a30f00000,0x0000008a31000000)]
  0x000001b5fc76b140 JavaThread "Daemon worker" [_thread_blocked, id=6868, stack(0x0000008a31000000,0x0000008a31100000)]
  0x000001b5fc76d9c0 JavaThread "Asynchronous log dispatcher for DefaultDaemonConnection: socket connection from /127.0.0.1:62820 to /127.0.0.1:62821" [_thread_blocked, id=31504, stack(0x0000008a31100000,0x0000008a31200000)]
  0x000001b5fc76ca90 JavaThread "Stdin handler" [_thread_blocked, id=31460, stack(0x0000008a31200000,0x0000008a31300000)]
  0x000001b5fc76a720 JavaThread "Daemon client event forwarder" [_thread_blocked, id=34596, stack(0x0000008a31300000,0x0000008a31400000)]
  0x000001b5fc76bb60 JavaThread "Cache worker for journal cache (C:\Users\Grahald\.gradle\caches\journal-1)" [_thread_blocked, id=8172, stack(0x0000008a31400000,0x0000008a31500000)]
  0x000001b5fc76c580 JavaThread "File lock request listener" [_thread_in_native, id=32888, stack(0x0000008a31500000,0x0000008a31600000)]
  0x000001b5fc76d4b0 JavaThread "Cache worker for file hash cache (C:\Users\Grahald\.gradle\caches\8.8\fileHashes)" [_thread_blocked, id=28932, stack(0x0000008a31600000,0x0000008a31700000)]
  0x000001b59f8d6a80 JavaThread "Cache worker for file hash cache (D:\Belajar\tias-mobile\android\.gradle\8.8\fileHashes)" [_thread_blocked, id=29908, stack(0x0000008a32000000,0x0000008a32100000)]
  0x000001b59f8d6f90 JavaThread "File watcher server" daemon [_thread_blocked, id=30140, stack(0x0000008a32100000,0x0000008a32200000)]
  0x000001b59f8d8df0 JavaThread "File watcher consumer" daemon [_thread_blocked, id=27932, stack(0x0000008a32200000,0x0000008a32300000)]
  0x000001b59f8d9300 JavaThread "Cache worker for checksums cache (D:\Belajar\tias-mobile\android\.gradle\8.8\checksums)" [_thread_blocked, id=34724, stack(0x0000008a32500000,0x0000008a32600000)]
  0x000001b59f8d6570 JavaThread "Cache worker for file content cache (C:\Users\Grahald\.gradle\caches\8.8\fileContent)" [_thread_blocked, id=23848, stack(0x0000008a32600000,0x0000008a32700000)]
  0x000001b59f8d88e0 JavaThread "Cache worker for cache directory md-rule (C:\Users\Grahald\.gradle\caches\8.8\md-rule)" [_thread_blocked, id=17728, stack(0x0000008a32700000,0x0000008a32800000)]
  0x000001b59f8d9810 JavaThread "Cache worker for cache directory md-supplier (C:\Users\Grahald\.gradle\caches\8.8\md-supplier)" [_thread_blocked, id=31536, stack(0x0000008a32900000,0x0000008a32a00000)]
  0x000001b59f8da740 JavaThread "jar transforms" [_thread_blocked, id=20680, stack(0x0000008a32c00000,0x0000008a32d00000)]
  0x000001b59f8db160 JavaThread "Unconstrained build operations" [_thread_blocked, id=22064, stack(0x0000008a32d00000,0x0000008a32e00000)]
  0x000001b59f8da230 JavaThread "Unconstrained build operations Thread 2" [_thread_blocked, id=8156, stack(0x0000008a32e00000,0x0000008a32f00000)]
  0x000001b59f8d9d20 JavaThread "Unconstrained build operations Thread 3" [_thread_blocked, id=10084, stack(0x0000008a32a00000,0x0000008a32b00000)]
  0x000001b59f8dd9e0 JavaThread "Unconstrained build operations Thread 4" [_thread_blocked, id=32456, stack(0x0000008a32b00000,0x0000008a32c00000)]
  0x000001b59f8dc090 JavaThread "Unconstrained build operations Thread 5" [_thread_blocked, id=34588, stack(0x0000008a32f00000,0x0000008a33000000)]
  0x000001b59f8dcab0 JavaThread "Unconstrained build operations Thread 6" [_thread_blocked, id=23476, stack(0x0000008a33000000,0x0000008a33100000)]
  0x000001b5fc76c070 JavaThread "Cache worker for Build Output Cleanup Cache (D:\Belajar\tias-mobile\node_modules\@react-native\gradle-plugin\.gradle\buildOutputCleanup)" [_thread_blocked, id=25884, stack(0x0000008a33100000,0x0000008a33200000)]
  0x000001b5a31f2810 JavaThread "Unconstrained build operations Thread 7" [_thread_blocked, id=18280, stack(0x0000008a33200000,0x0000008a33300000)]
  0x000001b5a31efa80 JavaThread "Unconstrained build operations Thread 8" [_thread_blocked, id=5728, stack(0x0000008a33300000,0x0000008a33400000)]
  0x000001b5a31f13d0 JavaThread "Unconstrained build operations Thread 9" [_thread_blocked, id=11040, stack(0x0000008a33400000,0x0000008a33500000)]
  0x000001b5a31ef570 JavaThread "Unconstrained build operations Thread 10" [_thread_blocked, id=30824, stack(0x0000008a33500000,0x0000008a33600000)]
  0x000001b5a31ef060 JavaThread "Unconstrained build operations Thread 11" [_thread_blocked, id=34540, stack(0x0000008a33600000,0x0000008a33700000)]
  0x000001b5a31f2d20 JavaThread "Unconstrained build operations Thread 12" [_thread_blocked, id=27200, stack(0x0000008a33700000,0x0000008a33800000)]
  0x000001b5a31f2300 JavaThread "Unconstrained build operations Thread 13" [_thread_blocked, id=4824, stack(0x0000008a33800000,0x0000008a33900000)]
  0x000001b5a31f0ec0 JavaThread "Unconstrained build operations Thread 14" [_thread_blocked, id=17008, stack(0x0000008a33900000,0x0000008a33a00000)]
  0x000001b5a31f3230 JavaThread "Unconstrained build operations Thread 15" [_thread_blocked, id=19152, stack(0x0000008a33a00000,0x0000008a33b00000)]
  0x000001b5a31f18e0 JavaThread "Unconstrained build operations Thread 16" [_thread_blocked, id=16944, stack(0x0000008a33b00000,0x0000008a33c00000)]
  0x000001b5a31f3740 JavaThread "Unconstrained build operations Thread 17" [_thread_blocked, id=2464, stack(0x0000008a33c00000,0x0000008a33d00000)]
  0x000001b5a31f04a0 JavaThread "Unconstrained build operations Thread 18" [_thread_blocked, id=15192, stack(0x0000008a33d00000,0x0000008a33e00000)]
  0x000001b5a31f09b0 JavaThread "Unconstrained build operations Thread 19" [_thread_blocked, id=34764, stack(0x0000008a33e00000,0x0000008a33f00000)]
  0x000001b5a31eff90 JavaThread "Unconstrained build operations Thread 20" [_thread_blocked, id=19596, stack(0x0000008a33f00000,0x0000008a34000000)]
  0x000001b5a31f4670 JavaThread "Unconstrained build operations Thread 21" [_thread_blocked, id=28352, stack(0x0000008a34000000,0x0000008a34100000)]
  0x000001b5a31f3c50 JavaThread "Unconstrained build operations Thread 22" [_thread_blocked, id=30208, stack(0x0000008a34100000,0x0000008a34200000)]
  0x000001b5a31f5fc0 JavaThread "Unconstrained build operations Thread 23" [_thread_blocked, id=19668, stack(0x0000008a34200000,0x0000008a34300000)]
  0x000001b5a31f5090 JavaThread "Unconstrained build operations Thread 24" [_thread_blocked, id=10912, stack(0x0000008a34300000,0x0000008a34400000)]
  0x000001b5a31f4160 JavaThread "Unconstrained build operations Thread 25" [_thread_blocked, id=8464, stack(0x0000008a34400000,0x0000008a34500000)]
  0x000001b5a31f64d0 JavaThread "Unconstrained build operations Thread 26" [_thread_blocked, id=17512, stack(0x0000008a34500000,0x0000008a34600000)]
  0x000001b5a31f69e0 JavaThread "Unconstrained build operations Thread 27" [_thread_blocked, id=33308, stack(0x0000008a34600000,0x0000008a34700000)]
  0x000001b5a31f55a0 JavaThread "Unconstrained build operations Thread 28" [_thread_blocked, id=18524, stack(0x0000008a34700000,0x0000008a34800000)]
  0x000001b5a31f4b80 JavaThread "Unconstrained build operations Thread 29" [_thread_blocked, id=17920, stack(0x0000008a34800000,0x0000008a34900000)]
  0x000001b5a31f5ab0 JavaThread "Unconstrained build operations Thread 30" [_thread_blocked, id=29764, stack(0x0000008a34900000,0x0000008a34a00000)]
  0x000001b5a261f4f0 JavaThread "Unconstrained build operations Thread 31" [_thread_blocked, id=1360, stack(0x0000008a34a00000,0x0000008a34b00000)]
  0x000001b5a261efe0 JavaThread "Unconstrained build operations Thread 32" [_thread_blocked, id=23676, stack(0x0000008a34b00000,0x0000008a34c00000)]
  0x000001b5a2620420 JavaThread "Unconstrained build operations Thread 33" [_thread_blocked, id=16876, stack(0x0000008a34c00000,0x0000008a34d00000)]
  0x000001b5a261fa00 JavaThread "Unconstrained build operations Thread 34" [_thread_blocked, id=15120, stack(0x0000008a34d00000,0x0000008a34e00000)]
  0x000001b5a2620e40 JavaThread "Unconstrained build operations Thread 35" [_thread_blocked, id=3260, stack(0x0000008a34e00000,0x0000008a34f00000)]
  0x000001b5a261ff10 JavaThread "Unconstrained build operations Thread 36" [_thread_blocked, id=32660, stack(0x0000008a34f00000,0x0000008a35000000)]
  0x000001b5a2621350 JavaThread "Unconstrained build operations Thread 37" [_thread_blocked, id=19044, stack(0x0000008a35000000,0x0000008a35100000)]
  0x000001b5a261dba0 JavaThread "Unconstrained build operations Thread 38" [_thread_blocked, id=24244, stack(0x0000008a35100000,0x0000008a35200000)]
  0x000001b5a261e0b0 JavaThread "Unconstrained build operations Thread 39" [_thread_blocked, id=8344, stack(0x0000008a35200000,0x0000008a35300000)]
  0x000001b5a2621860 JavaThread "Unconstrained build operations Thread 40" [_thread_blocked, id=22500, stack(0x0000008a35300000,0x0000008a35400000)]
  0x000001b5a2621d70 JavaThread "Unconstrained build operations Thread 41" [_thread_blocked, id=23128, stack(0x0000008a35400000,0x0000008a35500000)]
  0x000001b5a261e5c0 JavaThread "Unconstrained build operations Thread 42" [_thread_blocked, id=14608, stack(0x0000008a35500000,0x0000008a35600000)]
  0x000001b5a2620930 JavaThread "Unconstrained build operations Thread 43" [_thread_blocked, id=25056, stack(0x0000008a35600000,0x0000008a35700000)]
  0x000001b5a2622280 JavaThread "Unconstrained build operations Thread 44" [_thread_blocked, id=28948, stack(0x0000008a35700000,0x0000008a35800000)]
  0x000001b5a261ead0 JavaThread "Unconstrained build operations Thread 45" [_thread_blocked, id=21780, stack(0x0000008a35800000,0x0000008a35900000)]
  0x000001b5a26240e0 JavaThread "Unconstrained build operations Thread 46" [_thread_blocked, id=30096, stack(0x0000008a35900000,0x0000008a35a00000)]
  0x000001b5a26245f0 JavaThread "Unconstrained build operations Thread 47" [_thread_blocked, id=29668, stack(0x0000008a35a00000,0x0000008a35b00000)]
  0x000001b5a2622790 JavaThread "Unconstrained build operations Thread 48" [_thread_blocked, id=34516, stack(0x0000008a35b00000,0x0000008a35c00000)]
  0x000001b5a2623bd0 JavaThread "Unconstrained build operations Thread 49" [_thread_blocked, id=8088, stack(0x0000008a35c00000,0x0000008a35d00000)]
  0x000001b5a2625520 JavaThread "Unconstrained build operations Thread 50" [_thread_blocked, id=7492, stack(0x0000008a35d00000,0x0000008a35e00000)]
  0x000001b5a2624b00 JavaThread "Unconstrained build operations Thread 51" [_thread_blocked, id=29676, stack(0x0000008a35e00000,0x0000008a35f00000)]
  0x000001b5a26231b0 JavaThread "Memory manager" [_thread_blocked, id=31512, stack(0x0000008a36100000,0x0000008a36200000)]
  0x000001b5a26236c0 JavaThread "build event listener" [_thread_blocked, id=27660, stack(0x0000008a35f00000,0x0000008a36000000)]
  0x000001b5a19e10e0 JavaThread "ForkJoinPool.commonPool-worker-1" daemon [_thread_blocked, id=31240, stack(0x0000008a32800000,0x0000008a32900000)]
  0x000001b5a19e4da0 JavaThread "ForkJoinPool.commonPool-worker-2" daemon [_thread_blocked, id=23448, stack(0x0000008a36000000,0x0000008a36100000)]
  0x000001b5a19e2a30 JavaThread "ForkJoinPool.commonPool-worker-3" daemon [_thread_blocked, id=29404, stack(0x0000008a36200000,0x0000008a36300000)]
  0x000001b5a19e15f0 JavaThread "ForkJoinPool.commonPool-worker-4" daemon [_thread_blocked, id=24892, stack(0x0000008a36300000,0x0000008a36400000)]
  0x000001b5a19e52b0 JavaThread "ForkJoinPool.commonPool-worker-5" daemon [_thread_blocked, id=14700, stack(0x0000008a36400000,0x0000008a36500000)]
  0x000001b5a19e2010 JavaThread "ForkJoinPool.commonPool-worker-6" daemon [_thread_blocked, id=10152, stack(0x0000008a36500000,0x0000008a36600000)]
  0x000001b5a19e57c0 JavaThread "ForkJoinPool.commonPool-worker-8" daemon [_thread_blocked, id=32324, stack(0x0000008a36600000,0x0000008a36700000)]
  0x000001b5a19e2520 JavaThread "ForkJoinPool.commonPool-worker-9" daemon [_thread_blocked, id=12884, stack(0x0000008a36700000,0x0000008a36800000)]
  0x000001b5a19e5cd0 JavaThread "ForkJoinPool.commonPool-worker-7" daemon [_thread_blocked, id=22292, stack(0x0000008a36800000,0x0000008a36900000)]
  0x000001b5a19e61e0 JavaThread "ForkJoinPool.commonPool-worker-10" daemon [_thread_blocked, id=21092, stack(0x0000008a36900000,0x0000008a36a00000)]
  0x000001b5a19e66f0 JavaThread "ForkJoinPool.commonPool-worker-11" daemon [_thread_blocked, id=24644, stack(0x0000008a36a00000,0x0000008a36b00000)]
  0x000001b5a19e6c00 JavaThread "Exec process" daemon [_thread_blocked, id=16652, stack(0x0000008a36b00000,0x0000008a36c00000)]
  0x000001b5a19e3450 JavaThread "ForkJoinPool.commonPool-worker-12" daemon [_thread_blocked, id=29748, stack(0x0000008a36c00000,0x0000008a36d00000)]
  0x000001b5a19e7110 JavaThread "Exec process Thread 2" daemon [_thread_blocked, id=20256, stack(0x0000008a36d00000,0x0000008a36e00000)]
  0x000001b5a19e3960 JavaThread "Exec process Thread 3" daemon [_thread_blocked, id=16020, stack(0x0000008a36e00000,0x0000008a36f00000)]
  0x000001b5a19e7620 JavaThread "ForkJoinPool.commonPool-worker-13" daemon [_thread_blocked, id=34636, stack(0x0000008a36f00000,0x0000008a37000000)]
  0x000001b5a19e3e70 JavaThread "included builds" [_thread_blocked, id=21696, stack(0x0000008a37000000,0x0000008a37100000)]
  0x000001b5a19e7b30 JavaThread "Execution worker" [_thread_blocked, id=34608, stack(0x0000008a37100000,0x0000008a37200000)]
  0x000001b5a19e8040 JavaThread "Execution worker Thread 2" [_thread_blocked, id=27632, stack(0x0000008a37200000,0x0000008a37300000)]
  0x000001b5a19e8550 JavaThread "Execution worker Thread 3" [_thread_blocked, id=19160, stack(0x0000008a37300000,0x0000008a37400000)]
  0x000001b5a19e8a60 JavaThread "Execution worker Thread 4" [_thread_blocked, id=33160, stack(0x0000008a37400000,0x0000008a37500000)]
  0x000001b5a3192b70 JavaThread "Execution worker Thread 5" [_thread_blocked, id=19536, stack(0x0000008a37500000,0x0000008a37600000)]
  0x000001b5a3190d10 JavaThread "Execution worker Thread 6" [_thread_blocked, id=11364, stack(0x0000008a37600000,0x0000008a37700000)]
  0x000001b5a31949d0 JavaThread "Execution worker Thread 7" [_thread_blocked, id=6668, stack(0x0000008a37700000,0x0000008a37800000)]
  0x000001b5a31944c0 JavaThread "Execution worker Thread 8" [_thread_blocked, id=33500, stack(0x0000008a37800000,0x0000008a37900000)]
  0x000001b5a3191220 JavaThread "Execution worker Thread 9" [_thread_blocked, id=2116, stack(0x0000008a37900000,0x0000008a37a00000)]
  0x000001b5a3193080 JavaThread "Execution worker Thread 10" [_thread_blocked, id=20492, stack(0x0000008a37a00000,0x0000008a37b00000)]
  0x000001b5a3193590 JavaThread "Execution worker Thread 11" [_thread_blocked, id=22992, stack(0x0000008a37b00000,0x0000008a37c00000)]
  0x000001b5a3194ee0 JavaThread "Execution worker Thread 12" [_thread_blocked, id=7820, stack(0x0000008a37c00000,0x0000008a37d00000)]
  0x000001b5a3193fb0 JavaThread "Execution worker Thread 13" [_thread_blocked, id=17812, stack(0x0000008a37d00000,0x0000008a37e00000)]
  0x000001b5a3192660 JavaThread "Execution worker Thread 14" [_thread_blocked, id=13140, stack(0x0000008a37e00000,0x0000008a37f00000)]
  0x000001b5a3191730 JavaThread "Execution worker Thread 15" [_thread_blocked, id=6704, stack(0x0000008a37f00000,0x0000008a38000000)]
  0x000001b5a3193aa0 JavaThread "Cache worker for execution history cache (D:\Belajar\tias-mobile\node_modules\@react-native\gradle-plugin\.gradle\8.8\executionHistory)" [_thread_blocked, id=25724, stack(0x0000008a38000000,0x0000008a38100000)]
  0x000001b5a3192150 JavaThread "Unconstrained build operations Thread 52" [_thread_blocked, id=23756, stack(0x0000008a38100000,0x0000008a38200000)]
  0x000001b5a3191c40 JavaThread "Unconstrained build operations Thread 53" [_thread_blocked, id=22348, stack(0x0000008a38200000,0x0000008a38300000)]
  0x000001b5a3195900 JavaThread "Unconstrained build operations Thread 54" [_thread_blocked, id=23784, stack(0x0000008a38300000,0x0000008a38400000)]
  0x000001b5a3197250 JavaThread "Unconstrained build operations Thread 55" [_thread_blocked, id=8144, stack(0x0000008a38400000,0x0000008a38500000)]
  0x000001b5a3197760 JavaThread "Unconstrained build operations Thread 56" [_thread_blocked, id=18784, stack(0x0000008a38500000,0x0000008a38600000)]
  0x000001b5a3195e10 JavaThread "Unconstrained build operations Thread 57" [_thread_blocked, id=3992, stack(0x0000008a38600000,0x0000008a38700000)]
  0x000001b5a3197c70 JavaThread "Unconstrained build operations Thread 58" [_thread_blocked, id=14596, stack(0x0000008a38700000,0x0000008a38800000)]
  0x000001b5a3198180 JavaThread "Unconstrained build operations Thread 59" [_thread_blocked, id=12612, stack(0x0000008a38800000,0x0000008a38900000)]
  0x000001b5a3196320 JavaThread "Unconstrained build operations Thread 60" [_thread_blocked, id=2156, stack(0x0000008a38900000,0x0000008a38a00000)]
  0x000001b5a3196830 JavaThread "Unconstrained build operations Thread 61" [_thread_blocked, id=17576, stack(0x0000008a38a00000,0x0000008a38b00000)]
  0x000001b5a3196d40 JavaThread "Unconstrained build operations Thread 62" [_thread_blocked, id=12352, stack(0x0000008a38b00000,0x0000008a38c00000)]
  0x000001b5a3198690 JavaThread "Unconstrained build operations Thread 63" [_thread_blocked, id=29228, stack(0x0000008a38c00000,0x0000008a38d00000)]
  0x000001b5a317c2c0 JavaThread "Unconstrained build operations Thread 64" [_thread_blocked, id=29408, stack(0x0000008a38d00000,0x0000008a38e00000)]
  0x000001b5a3179530 JavaThread "Unconstrained build operations Thread 65" [_thread_blocked, id=19340, stack(0x0000008a38e00000,0x0000008a38f00000)]
  0x000001b5a3179a40 JavaThread "Unconstrained build operations Thread 66" [_thread_blocked, id=8012, stack(0x0000008a38f00000,0x0000008a39000000)]
  0x000001b5a317cce0 JavaThread "Unconstrained build operations Thread 67" [_thread_blocked, id=524, stack(0x0000008a39000000,0x0000008a39100000)]
  0x000001b5a317b390 JavaThread "Unconstrained build operations Thread 68" [_thread_blocked, id=31072, stack(0x0000008a39100000,0x0000008a39200000)]
  0x000001b5a317bdb0 JavaThread "Unconstrained build operations Thread 69" [_thread_blocked, id=10872, stack(0x0000008a39200000,0x0000008a39300000)]
  0x000001b5a317a460 JavaThread "Unconstrained build operations Thread 70" [_thread_blocked, id=20948, stack(0x0000008a39300000,0x0000008a39400000)]
  0x000001b5a317a970 JavaThread "Unconstrained build operations Thread 71" [_thread_blocked, id=12876, stack(0x0000008a39400000,0x0000008a39500000)]
  0x000001b5a317d1f0 JavaThread "Unconstrained build operations Thread 72" [_thread_blocked, id=10136, stack(0x0000008a39500000,0x0000008a39600000)]
  0x000001b5a317ae80 JavaThread "Unconstrained build operations Thread 73" [_thread_blocked, id=30236, stack(0x0000008a39600000,0x0000008a39700000)]
  0x000001b5feab8810 JavaThread "C2 CompilerThread1" daemon [_thread_blocked, id=30936, stack(0x0000008a30200000,0x0000008a30300000)]
  0x000001b5a317c7d0 JavaThread "Unconstrained build operations Thread 74" [_thread_blocked, id=26888, stack(0x0000008a31700000,0x0000008a31800000)]
  0x000001b5a317d700 JavaThread "Unconstrained build operations Thread 75" [_thread_blocked, id=20148, stack(0x0000008a39700000,0x0000008a39800000)]
  0x000001b5a3179f50 JavaThread "Unconstrained build operations Thread 76" [_thread_blocked, id=28036, stack(0x0000008a39800000,0x0000008a39900000)]
  0x000001b5a317dc10 JavaThread "Unconstrained build operations Thread 77" [_thread_blocked, id=13572, stack(0x0000008a39900000,0x0000008a39a00000)]
  0x000001b5a317f050 JavaThread "Unconstrained build operations Thread 78" [_thread_blocked, id=19092, stack(0x0000008a39a00000,0x0000008a39b00000)]
  0x000001b5a317eb40 JavaThread "Unconstrained build operations Thread 79" [_thread_blocked, id=33232, stack(0x0000008a39b00000,0x0000008a39c00000)]
  0x000001b5a317b8a0 JavaThread "Unconstrained build operations Thread 80" [_thread_blocked, id=26284, stack(0x0000008a39c00000,0x0000008a39d00000)]
  0x000001b5a317f560 JavaThread "Unconstrained build operations Thread 81" [_thread_blocked, id=20044, stack(0x0000008a39d00000,0x0000008a39e00000)]
  0x000001b5a31809a0 JavaThread "Unconstrained build operations Thread 82" [_thread_blocked, id=8528, stack(0x0000008a39e00000,0x0000008a39f00000)]
  0x000001b5a317fa70 JavaThread "Unconstrained build operations Thread 83" [_thread_blocked, id=13080, stack(0x0000008a39f00000,0x0000008a3a000000)]
  0x000001b5a3180eb0 JavaThread "Unconstrained build operations Thread 84" [_thread_blocked, id=22072, stack(0x0000008a3a000000,0x0000008a3a100000)]
  0x000001b5a317e120 JavaThread "Unconstrained build operations Thread 85" [_thread_blocked, id=33596, stack(0x0000008a3a100000,0x0000008a3a200000)]
  0x000001b5a3180490 JavaThread "Unconstrained build operations Thread 86" [_thread_blocked, id=2640, stack(0x0000008a3a200000,0x0000008a3a300000)]
  0x000001b5a317e630 JavaThread "Unconstrained build operations Thread 87" [_thread_blocked, id=33084, stack(0x0000008a3a300000,0x0000008a3a400000)]
  0x000001b5fd497700 JavaThread "Unconstrained build operations Thread 88" [_thread_blocked, id=19016, stack(0x0000008a3a400000,0x0000008a3a500000)]
  0x000001b5fd497c10 JavaThread "Unconstrained build operations Thread 89" [_thread_blocked, id=1776, stack(0x0000008a3a500000,0x0000008a3a600000)]
  0x000001b5feab8d60 JavaThread "C2 CompilerThread2" daemon [_thread_blocked, id=8572, stack(0x0000008a3a600000,0x0000008a3a700000)]
  0x000001b5fd499f80 JavaThread "Unconstrained build operations Thread 90" [_thread_blocked, id=23512, stack(0x0000008a3a700000,0x0000008a3a800000)]
  0x000001b5fd4971f0 JavaThread "Unconstrained build operations Thread 91" [_thread_blocked, id=26664, stack(0x0000008a3a800000,0x0000008a3a900000)]
  0x000001b5fd499050 JavaThread "Unconstrained build operations Thread 92" [_thread_blocked, id=22280, stack(0x0000008a3a900000,0x0000008a3aa00000)]
  0x000001b5fd496ce0 JavaThread "Unconstrained build operations Thread 93" [_thread_blocked, id=12176, stack(0x0000008a3aa00000,0x0000008a3ab00000)]
  0x000001b5fd498120 JavaThread "Unconstrained build operations Thread 94" [_thread_blocked, id=13544, stack(0x0000008a3ab00000,0x0000008a3ac00000)]
  0x000001b5fd49b8d0 JavaThread "Unconstrained build operations Thread 95" [_thread_blocked, id=32164, stack(0x0000008a3ac00000,0x0000008a3ad00000)]
  0x000001b5fd49bde0 JavaThread "Unconstrained build operations Thread 96" [_thread_blocked, id=32348, stack(0x0000008a3ad00000,0x0000008a3ae00000)]
  0x000001b5fd498630 JavaThread "Unconstrained build operations Thread 97" [_thread_blocked, id=29724, stack(0x0000008a3ae00000,0x0000008a3af00000)]
  0x000001b5fd498b40 JavaThread "Unconstrained build operations Thread 98" [_thread_blocked, id=13652, stack(0x0000008a3af00000,0x0000008a3b000000)]
  0x000001b5fd49a490 JavaThread "Unconstrained build operations Thread 99" [_thread_blocked, id=28720, stack(0x0000008a3b000000,0x0000008a3b100000)]
  0x000001b5fd49b3c0 JavaThread "Unconstrained build operations Thread 100" [_thread_blocked, id=31032, stack(0x0000008a3b100000,0x0000008a3b200000)]
  0x000001b5fd49a9a0 JavaThread "Unconstrained build operations Thread 101" [_thread_blocked, id=30284, stack(0x0000008a3b200000,0x0000008a3b300000)]
  0x000001b5fd49aeb0 JavaThread "Unconstrained build operations Thread 102" [_thread_blocked, id=31372, stack(0x0000008a3b300000,0x0000008a3b400000)]
  0x000001b5fd49c800 JavaThread "Unconstrained build operations Thread 103" [_thread_blocked, id=29900, stack(0x0000008a3b400000,0x0000008a3b500000)]
  0x000001b5fd49cd10 JavaThread "Unconstrained build operations Thread 104" [_thread_blocked, id=17368, stack(0x0000008a3b500000,0x0000008a3b600000)]
  0x000001b5fd499560 JavaThread "Unconstrained build operations Thread 105" [_thread_blocked, id=3832, stack(0x0000008a3b600000,0x0000008a3b700000)]
  0x000001b5fd49d220 JavaThread "Unconstrained build operations Thread 106" [_thread_blocked, id=22424, stack(0x0000008a3b700000,0x0000008a3b800000)]
  0x000001b5fd49d730 JavaThread "Unconstrained build operations Thread 107" [_thread_blocked, id=30724, stack(0x0000008a3b800000,0x0000008a3b900000)]
  0x000001b5fd49dc40 JavaThread "Unconstrained build operations Thread 108" [_thread_blocked, id=3056, stack(0x0000008a3b900000,0x0000008a3ba00000)]
  0x000001b5fd49e150 JavaThread "Unconstrained build operations Thread 109" [_thread_blocked, id=25672, stack(0x0000008a3ba00000,0x0000008a3bb00000)]
  0x000001b5fd49e660 JavaThread "Unconstrained build operations Thread 110" [_thread_blocked, id=25736, stack(0x0000008a3bb00000,0x0000008a3bc00000)]
  0x000001b5a317ff80 JavaThread "Unconstrained build operations Thread 111" [_thread_blocked, id=32764, stack(0x0000008a3bc00000,0x0000008a3bd00000)]
  0x000001b59fc6d510 JavaThread "Unconstrained build operations Thread 112" [_thread_blocked, id=28340, stack(0x0000008a3bd00000,0x0000008a3be00000)]
  0x000001b59fc6f370 JavaThread "Unconstrained build operations Thread 113" [_thread_blocked, id=30408, stack(0x0000008a3be00000,0x0000008a3bf00000)]
  0x000001b59fc6f880 JavaThread "Unconstrained build operations Thread 114" [_thread_blocked, id=31024, stack(0x0000008a3bf00000,0x0000008a3c000000)]
  0x000001b59fc6ee60 JavaThread "Unconstrained build operations Thread 115" [_thread_blocked, id=24052, stack(0x0000008a3c000000,0x0000008a3c100000)]
  0x000001b59fc6c5e0 JavaThread "Unconstrained build operations Thread 116" [_thread_blocked, id=2988, stack(0x0000008a3c100000,0x0000008a3c200000)]
  0x000001b59fc6c0d0 JavaThread "Unconstrained build operations Thread 117" [_thread_blocked, id=21892, stack(0x0000008a3c200000,0x0000008a3c300000)]
  0x000001b59fc6caf0 JavaThread "Unconstrained build operations Thread 118" [_thread_blocked, id=1868, stack(0x0000008a3c300000,0x0000008a3c400000)]
  0x000001b59fc6fd90 JavaThread "Unconstrained build operations Thread 119" [_thread_blocked, id=14272, stack(0x0000008a3c400000,0x0000008a3c500000)]
  0x000001b59fc702a0 JavaThread "Unconstrained build operations Thread 120" [_thread_blocked, id=12864, stack(0x0000008a3c500000,0x0000008a3c600000)]
  0x000001b59fc707b0 JavaThread "Unconstrained build operations Thread 121" [_thread_blocked, id=2300, stack(0x0000008a3c600000,0x0000008a3c700000)]
  0x000001b59fc6e950 JavaThread "Unconstrained build operations Thread 122" [_thread_blocked, id=31692, stack(0x0000008a3c700000,0x0000008a3c800000)]
  0x000001b59fc6d000 JavaThread "jar transforms Thread 2" [_thread_blocked, id=31800, stack(0x0000008a3c800000,0x0000008a3c900000)]
  0x000001b59fc70cc0 JavaThread "Cache worker for Build Output Cleanup Cache (D:\Belajar\tias-mobile\android\.gradle\buildOutputCleanup)" [_thread_blocked, id=29800, stack(0x0000008a3c900000,0x0000008a3ca00000)]
  0x000001b59fc6da20 JavaThread "jar transforms Thread 3" [_thread_blocked, id=20856, stack(0x0000008a3ca00000,0x0000008a3cb00000)]
  0x000001b59fc711d0 JavaThread "Unconstrained build operations Thread 123" [_thread_blocked, id=28608, stack(0x0000008a3cb00000,0x0000008a3cc00000)]
  0x000001b59fc72610 JavaThread "Unconstrained build operations Thread 124" [_thread_blocked, id=14924, stack(0x0000008a3cc00000,0x0000008a3cd00000)]
  0x000001b59fc72100 JavaThread "Unconstrained build operations Thread 125" [_thread_blocked, id=6180, stack(0x0000008a3cd00000,0x0000008a3ce00000)]
  0x000001b59fc72b20 JavaThread "Unconstrained build operations Thread 126" [_thread_blocked, id=14912, stack(0x0000008a3ce00000,0x0000008a3cf00000)]
  0x000001b59fc73540 JavaThread "Unconstrained build operations Thread 127" [_thread_blocked, id=22068, stack(0x0000008a3cf00000,0x0000008a3d000000)]
  0x000001b59fc73a50 JavaThread "Unconstrained build operations Thread 128" [_thread_blocked, id=30940, stack(0x0000008a3d000000,0x0000008a3d100000)]
  0x000001b59fc73030 JavaThread "Unconstrained build operations Thread 129" [_thread_blocked, id=24096, stack(0x0000008a3d100000,0x0000008a3d200000)]
  0x000001b59fc71bf0 JavaThread "Unconstrained build operations Thread 130" [_thread_blocked, id=22012, stack(0x0000008a3d200000,0x0000008a3d300000)]
  0x000001b5fc76cfa0 JavaThread "Unconstrained build operations Thread 131" [_thread_blocked, id=11936, stack(0x0000008a3d300000,0x0000008a3d400000)]
  0x000001b5a2622ca0 JavaThread "Unconstrained build operations Thread 132" [_thread_blocked, id=24504, stack(0x0000008a3d400000,0x0000008a3d500000)]
  0x000001b59f8db670 JavaThread "Unconstrained build operations Thread 133" [_thread_blocked, id=16784, stack(0x0000008a3d500000,0x0000008a3d600000)]
  0x000001b59fc9f4a0 JavaThread "Unconstrained build operations Thread 134" [_thread_blocked, id=8992, stack(0x0000008a3d600000,0x0000008a3d700000)]
  0x000001b59fca1300 JavaThread "Unconstrained build operations Thread 135" [_thread_blocked, id=33036, stack(0x0000008a3d700000,0x0000008a3d800000)]
  0x000001b59fc9f9b0 JavaThread "Unconstrained build operations Thread 136" [_thread_blocked, id=16940, stack(0x0000008a3d800000,0x0000008a3d900000)]
  0x000001b59fc9ea80 JavaThread "Unconstrained build operations Thread 137" [_thread_blocked, id=17072, stack(0x0000008a3d900000,0x0000008a3da00000)]
  0x000001b59fca03d0 JavaThread "Unconstrained build operations Thread 138" [_thread_blocked, id=2356, stack(0x0000008a3da00000,0x0000008a3db00000)]
  0x000001b59fca08e0 JavaThread "Unconstrained build operations Thread 139" [_thread_blocked, id=21744, stack(0x0000008a3db00000,0x0000008a3dc00000)]
  0x000001b59fc9fec0 JavaThread "Unconstrained build operations Thread 140" [_thread_blocked, id=16988, stack(0x0000008a3dc00000,0x0000008a3dd00000)]
  0x000001b59fca1810 JavaThread "Unconstrained build operations Thread 141" [_thread_blocked, id=29868, stack(0x0000008a3dd00000,0x0000008a3de00000)]
  0x000001b59fc9e060 JavaThread "Unconstrained build operations Thread 142" [_thread_blocked, id=28172, stack(0x0000008a3de00000,0x0000008a3df00000)]
  0x000001b59fca1d20 JavaThread "Unconstrained build operations Thread 143" [_thread_blocked, id=9768, stack(0x0000008a3df00000,0x0000008a3e000000)]
  0x000001b59fc9e570 JavaThread "Unconstrained build operations Thread 144" [_thread_blocked, id=27032, stack(0x0000008a3e000000,0x0000008a3e100000)]
  0x000001b59fca2740 JavaThread "Unconstrained build operations Thread 145" [_thread_blocked, id=32684, stack(0x0000008a3e100000,0x0000008a3e200000)]
  0x000001b59fc9ef90 JavaThread "Unconstrained build operations Thread 146" [_thread_blocked, id=30424, stack(0x0000008a3e200000,0x0000008a3e300000)]
  0x000001b59fca4090 JavaThread "Unconstrained build operations Thread 147" [_thread_blocked, id=18912, stack(0x0000008a3e300000,0x0000008a3e400000)]
  0x000001b59fca59e0 JavaThread "Unconstrained build operations Thread 148" [_thread_blocked, id=19216, stack(0x0000008a3e400000,0x0000008a3e500000)]
  0x000001b59fca2c50 JavaThread "Unconstrained build operations Thread 149" [_thread_blocked, id=28392, stack(0x0000008a3e500000,0x0000008a3e600000)]
  0x000001b59fca3b80 JavaThread "Unconstrained build operations Thread 150" [_thread_blocked, id=24616, stack(0x0000008a3e600000,0x0000008a3e700000)]
  0x000001b59fca4ab0 JavaThread "Unconstrained build operations Thread 151" [_thread_blocked, id=8372, stack(0x0000008a3e700000,0x0000008a3e800000)]
  0x000001b59fca3670 JavaThread "Unconstrained build operations Thread 152" [_thread_blocked, id=14316, stack(0x0000008a3e800000,0x0000008a3e900000)]
  0x000001b59fca45a0 JavaThread "Unconstrained build operations Thread 153" [_thread_blocked, id=20172, stack(0x0000008a3e900000,0x0000008a3ea00000)]
  0x000001b59fca54d0 JavaThread "Unconstrained build operations Thread 154" [_thread_blocked, id=20868, stack(0x0000008a3ea00000,0x0000008a3eb00000)]
  0x000001b59fca4fc0 JavaThread "Unconstrained build operations Thread 155" [_thread_blocked, id=29256, stack(0x0000008a3eb00000,0x0000008a3ec00000)]
  0x000001b59fca2230 JavaThread "Unconstrained build operations Thread 156" [_thread_blocked, id=17764, stack(0x0000008a3ee00000,0x0000008a3ef00000)]
  0x000001b59fca3160 JavaThread "Unconstrained build operations Thread 157" [_thread_blocked, id=27284, stack(0x0000008a3ef00000,0x0000008a3f000000)]
  0x000001b59fca8260 JavaThread "Unconstrained build operations Thread 158" [_thread_blocked, id=22284, stack(0x0000008a3f000000,0x0000008a3f100000)]
  0x000001b59fca8c80 JavaThread "Unconstrained build operations Thread 159" [_thread_blocked, id=15328, stack(0x0000008a3f100000,0x0000008a3f200000)]
  0x000001b59fca8770 JavaThread "Unconstrained build operations Thread 160" [_thread_blocked, id=33740, stack(0x0000008a3f200000,0x0000008a3f300000)]
  0x000001b5feab5840 JavaThread "C2 CompilerThread3" daemon [_thread_blocked, id=34760, stack(0x0000008a3f300000,0x0000008a3f400000)]
  0x000001b5feab9800 JavaThread "C2 CompilerThread4" daemon [_thread_blocked, id=20380, stack(0x0000008a3f400000,0x0000008a3f500000)]
  0x000001b5feab5d90 JavaThread "C2 CompilerThread5" daemon [_thread_blocked, id=34572, stack(0x0000008a3f500000,0x0000008a3f600000)]

Other Threads:
=>0x000001b5fc3e7ca0 VMThread "VM Thread" [stack: 0x0000008a2f500000,0x0000008a2f600000] [id=31996]
  0x000001b5dd422660 WatcherThread [stack: 0x0000008a30400000,0x0000008a30500000] [id=26408]
  0x000001b5dd480dd0 GCTaskThread "GC Thread#0" [stack: 0x0000008a2f000000,0x0000008a2f100000] [id=7448]
  0x000001b5fce70e90 GCTaskThread "GC Thread#1" [stack: 0x0000008a30700000,0x0000008a30800000] [id=32952]
  0x000001b5fce71160 GCTaskThread "GC Thread#2" [stack: 0x0000008a30800000,0x0000008a30900000] [id=2504]
  0x000001b5fce71f70 GCTaskThread "GC Thread#3" [stack: 0x0000008a30900000,0x0000008a30a00000] [id=12012]
  0x000001b5fce71430 GCTaskThread "GC Thread#4" [stack: 0x0000008a30a00000,0x0000008a30b00000] [id=34732]
  0x000001b5fce70620 GCTaskThread "GC Thread#5" [stack: 0x0000008a31800000,0x0000008a31900000] [id=25240]
  0x000001b5fce708f0 GCTaskThread "GC Thread#6" [stack: 0x0000008a31900000,0x0000008a31a00000] [id=15716]
  0x000001b59fd69050 GCTaskThread "GC Thread#7" [stack: 0x0000008a31a00000,0x0000008a31b00000] [id=20208]
  0x000001b59fd6a130 GCTaskThread "GC Thread#8" [stack: 0x0000008a31b00000,0x0000008a31c00000] [id=10904]
  0x000001b59fd66bc0 GCTaskThread "GC Thread#9" [stack: 0x0000008a31c00000,0x0000008a31d00000] [id=14088]
  0x000001b59fd69b90 GCTaskThread "GC Thread#10" [stack: 0x0000008a31d00000,0x0000008a31e00000] [id=28140]
  0x000001b59fd69320 GCTaskThread "GC Thread#11" [stack: 0x0000008a31e00000,0x0000008a31f00000] [id=19708]
  0x000001b59fd68510 GCTaskThread "GC Thread#12" [stack: 0x0000008a31f00000,0x0000008a32000000] [id=26536]
  0x000001b5dd492740 ConcurrentGCThread "G1 Main Marker" [stack: 0x0000008a2f100000,0x0000008a2f200000] [id=10440]
  0x000001b5dd493000 ConcurrentGCThread "G1 Conc#0" [stack: 0x0000008a2f200000,0x0000008a2f300000] [id=17780]
  0x000001b59fd69e60 ConcurrentGCThread "G1 Conc#1" [stack: 0x0000008a32300000,0x0000008a32400000] [id=28488]
  0x000001b59fd68d80 ConcurrentGCThread "G1 Conc#2" [stack: 0x0000008a32400000,0x0000008a32500000] [id=4656]
  0x000001b5fc29b230 ConcurrentGCThread "G1 Refine#0" [stack: 0x0000008a2f300000,0x0000008a2f400000] [id=24372]
  0x000001b5fc29bb10 ConcurrentGCThread "G1 Service" [stack: 0x0000008a2f400000,0x0000008a2f500000] [id=8588]

Threads with active compile tasks:
C2 CompilerThread0  16010 11947       4       org.gradle.internal.fingerprint.impl.EmptyCurrentFileCollectionFingerprint::getHash (4 bytes)
C2 CompilerThread1  16010 11955       4       java.util.ArrayList::<init> (63 bytes)
C2 CompilerThread2  16010 11940   !   4       sun.nio.fs.WindowsDirectoryStream$WindowsDirectoryIterator::readNextEntry (192 bytes)
C2 CompilerThread3  16010 11943   !   4       sun.nio.fs.WindowsDirectoryStream$WindowsDirectoryIterator::acceptEntry (71 bytes)
C2 CompilerThread4  16010 11948       4       org.gradle.internal.snapshot.ChildMapFactory::childMapFromSorted (84 bytes)
C2 CompilerThread5  16010 11937       4       org.gradle.internal.io.StreamByteBuffer$StreamByteBufferInputStream::readImpl (150 bytes)

VM state: at safepoint (normal execution)

VM Mutex/Monitor currently owned by a thread:  ([mutex/lock_event])
[0x000001b5daf74ab0] Threads_lock - owner thread: 0x000001b5fc3e7ca0
[0x000001b5dd420730] Heap_lock - owner thread: 0x000001b5a31f4160

Heap address: 0x0000000080000000, size: 2048 MB, Compressed Oops mode: 32-bit

CDS archive(s) mapped at: [0x000001b580000000-0x000001b580bb0000-0x000001b580bb0000), size 12255232, SharedBaseAddress: 0x000001b580000000, ArchiveRelocationMode: 1.
Compressed class space mapped at: 0x000001b581000000-0x000001b59b000000, reserved size: 436207616
Narrow klass base: 0x000001b580000000, Narrow klass shift: 0, Narrow klass range: 0x100000000

GC Precious Log:
 CPUs: 16 total, 16 available
 Memory: 15591M
 Large Page Support: Disabled
 NUMA Support: Disabled
 Compressed Oops: Enabled (32-bit)
 Heap Region Size: 1M
 Heap Min Capacity: 8M
 Heap Initial Capacity: 244M
 Heap Max Capacity: 2G
 Pre-touch: Disabled
 Parallel Workers: 13
 Concurrent Workers: 3
 Concurrent Refinement Workers: 13
 Periodic GC: Disabled

Heap:
 garbage-first heap   total 249856K, used 89978K [0x0000000080000000, 0x0000000100000000)
  region size 1024K, 4 young (4096K), 4 survivors (4096K)
 Metaspace       used 73696K, committed 74496K, reserved 491520K
  class space    used 10330K, committed 10688K, reserved 425984K

Heap Regions: E=young(eden), S=young(survivor), O=old, HS=humongous(starts), HC=humongous(continues), CS=collection set, F=free, OA=open archive, CA=closed archive, TAMS=top-at-mark-start (previous, next)
|   0|0x0000000080000000, 0x0000000080100000, 0x0000000080100000|100%|HS|  |TAMS 0x0000000080100000, 0x0000000080000000| Complete 
|   1|0x0000000080100000, 0x0000000080200000, 0x0000000080200000|100%|HC|  |TAMS 0x0000000080200000, 0x0000000080100000| Complete 
|   2|0x0000000080200000, 0x0000000080300000, 0x0000000080300000|100%|HC|  |TAMS 0x0000000080300000, 0x0000000080200000| Complete 
|   3|0x0000000080300000, 0x0000000080400000, 0x0000000080400000|100%|HC|  |TAMS 0x0000000080400000, 0x0000000080300000| Complete 
|   4|0x0000000080400000, 0x0000000080500000, 0x0000000080500000|100%| O|  |TAMS 0x0000000080500000, 0x0000000080400000| Untracked 
|   5|0x0000000080500000, 0x0000000080600000, 0x0000000080600000|100%| O|  |TAMS 0x0000000080600000, 0x0000000080500000| Untracked 
|   6|0x0000000080600000, 0x0000000080700000, 0x0000000080700000|100%| O|  |TAMS 0x0000000080700000, 0x0000000080600000| Untracked 
|   7|0x0000000080700000, 0x0000000080800000, 0x0000000080800000|100%| O|  |TAMS 0x0000000080800000, 0x0000000080700000| Untracked 
|   8|0x0000000080800000, 0x0000000080900000, 0x0000000080900000|100%| O|  |TAMS 0x0000000080900000, 0x0000000080800000| Untracked 
|   9|0x0000000080900000, 0x0000000080a00000, 0x0000000080a00000|100%| O|  |TAMS 0x0000000080a00000, 0x0000000080900000| Untracked 
|  10|0x0000000080a00000, 0x0000000080b00000, 0x0000000080b00000|100%| O|  |TAMS 0x0000000080b00000, 0x0000000080a00000| Untracked 
|  11|0x0000000080b00000, 0x0000000080c00000, 0x0000000080c00000|100%|HS|  |TAMS 0x0000000080c00000, 0x0000000080b00000| Complete 
|  12|0x0000000080c00000, 0x0000000080d00000, 0x0000000080d00000|100%| O|  |TAMS 0x0000000080d00000, 0x0000000080c00000| Untracked 
|  13|0x0000000080d00000, 0x0000000080e00000, 0x0000000080e00000|100%| O|  |TAMS 0x0000000080e00000, 0x0000000080d00000| Untracked 
|  14|0x0000000080e00000, 0x0000000080f00000, 0x0000000080f00000|100%| O|  |TAMS 0x0000000080f00000, 0x0000000080e00000| Untracked 
|  15|0x0000000080f00000, 0x0000000081000000, 0x0000000081000000|100%| O|  |TAMS 0x0000000081000000, 0x0000000080f00000| Untracked 
|  16|0x0000000081000000, 0x0000000081100000, 0x0000000081100000|100%| O|  |TAMS 0x0000000081100000, 0x0000000081000000| Untracked 
|  17|0x0000000081100000, 0x0000000081200000, 0x0000000081200000|100%| O|  |TAMS 0x0000000081200000, 0x0000000081100000| Untracked 
|  18|0x0000000081200000, 0x0000000081300000, 0x0000000081300000|100%| O|  |TAMS 0x0000000081300000, 0x0000000081200000| Untracked 
|  19|0x0000000081300000, 0x0000000081400000, 0x0000000081400000|100%| O|  |TAMS 0x0000000081400000, 0x0000000081300000| Untracked 
|  20|0x0000000081400000, 0x0000000081500000, 0x0000000081500000|100%| O|  |TAMS 0x0000000081500000, 0x0000000081400000| Untracked 
|  21|0x0000000081500000, 0x0000000081600000, 0x0000000081600000|100%| O|  |TAMS 0x0000000081600000, 0x0000000081500000| Untracked 
|  22|0x0000000081600000, 0x0000000081700000, 0x0000000081700000|100%| O|  |TAMS 0x0000000081700000, 0x0000000081600000| Untracked 
|  23|0x0000000081700000, 0x0000000081800000, 0x0000000081800000|100%| O|  |TAMS 0x0000000081800000, 0x0000000081700000| Untracked 
|  24|0x0000000081800000, 0x0000000081900000, 0x0000000081900000|100%| O|  |TAMS 0x0000000081900000, 0x0000000081800000| Untracked 
|  25|0x0000000081900000, 0x0000000081a00000, 0x0000000081a00000|100%| O|  |TAMS 0x0000000081a00000, 0x0000000081900000| Untracked 
|  26|0x0000000081a00000, 0x0000000081b00000, 0x0000000081b00000|100%| O|  |TAMS 0x0000000081b00000, 0x0000000081a00000| Untracked 
|  27|0x0000000081b00000, 0x0000000081c00000, 0x0000000081c00000|100%| O|  |TAMS 0x0000000081c00000, 0x0000000081b00000| Untracked 
|  28|0x0000000081c00000, 0x0000000081d00000, 0x0000000081d00000|100%| O|  |TAMS 0x0000000081d00000, 0x0000000081c00000| Untracked 
|  29|0x0000000081d00000, 0x0000000081e00000, 0x0000000081e00000|100%| O|  |TAMS 0x0000000081e00000, 0x0000000081d00000| Untracked 
|  30|0x0000000081e00000, 0x0000000081f00000, 0x0000000081f00000|100%| O|  |TAMS 0x0000000081f00000, 0x0000000081e00000| Untracked 
|  31|0x0000000081f00000, 0x0000000082000000, 0x0000000082000000|100%| O|  |TAMS 0x0000000082000000, 0x0000000081f00000| Untracked 
|  32|0x0000000082000000, 0x0000000082100000, 0x0000000082100000|100%| O|  |TAMS 0x0000000082100000, 0x0000000082000000| Untracked 
|  33|0x0000000082100000, 0x0000000082200000, 0x0000000082200000|100%| O|  |TAMS 0x0000000082200000, 0x0000000082100000| Untracked 
|  34|0x0000000082200000, 0x0000000082300000, 0x0000000082300000|100%| O|  |TAMS 0x0000000082300000, 0x0000000082200000| Untracked 
|  35|0x0000000082300000, 0x0000000082400000, 0x0000000082400000|100%| O|  |TAMS 0x0000000082400000, 0x0000000082300000| Untracked 
|  36|0x0000000082400000, 0x0000000082500000, 0x0000000082500000|100%| O|  |TAMS 0x0000000082500000, 0x0000000082400000| Untracked 
|  37|0x0000000082500000, 0x0000000082600000, 0x0000000082600000|100%| O|  |TAMS 0x0000000082600000, 0x0000000082500000| Untracked 
|  38|0x0000000082600000, 0x0000000082600000, 0x0000000082700000|  0%| F|  |TAMS 0x0000000082600000, 0x0000000082600000| Untracked 
|  39|0x0000000082700000, 0x0000000082800000, 0x0000000082800000|100%| O|  |TAMS 0x0000000082700000, 0x0000000082700000| Untracked 
|  40|0x0000000082800000, 0x0000000082900000, 0x0000000082900000|100%|HS|  |TAMS 0x0000000082900000, 0x0000000082800000| Complete 
|  41|0x0000000082900000, 0x0000000082a00000, 0x0000000082a00000|100%|HC|  |TAMS 0x0000000082a00000, 0x0000000082900000| Complete 
|  42|0x0000000082a00000, 0x0000000082b00000, 0x0000000082b00000|100%|HS|  |TAMS 0x0000000082b00000, 0x0000000082a00000| Complete 
|  43|0x0000000082b00000, 0x0000000082c00000, 0x0000000082c00000|100%|HC|  |TAMS 0x0000000082c00000, 0x0000000082b00000| Complete 
|  44|0x0000000082c00000, 0x0000000082d00000, 0x0000000082d00000|100%| O|  |TAMS 0x0000000082d00000, 0x0000000082c00000| Untracked 
|  45|0x0000000082d00000, 0x0000000082e00000, 0x0000000082e00000|100%| O|  |TAMS 0x0000000082e00000, 0x0000000082d00000| Untracked 
|  46|0x0000000082e00000, 0x0000000082f00000, 0x0000000082f00000|100%| O|  |TAMS 0x0000000082f00000, 0x0000000082e00000| Untracked 
|  47|0x0000000082f00000, 0x0000000083000000, 0x0000000083000000|100%| O|  |TAMS 0x0000000083000000, 0x0000000082f00000| Untracked 
|  48|0x0000000083000000, 0x0000000083100000, 0x0000000083100000|100%| O|  |TAMS 0x0000000083100000, 0x0000000083000000| Untracked 
|  49|0x0000000083100000, 0x0000000083200000, 0x0000000083200000|100%| O|  |TAMS 0x0000000083200000, 0x0000000083100000| Untracked 
|  50|0x0000000083200000, 0x0000000083300000, 0x0000000083300000|100%|HS|  |TAMS 0x0000000083300000, 0x0000000083200000| Complete 
|  51|0x0000000083300000, 0x0000000083400000, 0x0000000083400000|100%|HC|  |TAMS 0x0000000083400000, 0x0000000083300000| Complete 
|  52|0x0000000083400000, 0x0000000083500000, 0x0000000083500000|100%|HC|  |TAMS 0x0000000083500000, 0x0000000083400000| Complete 
|  53|0x0000000083500000, 0x0000000083600000, 0x0000000083600000|100%|HC|  |TAMS 0x0000000083600000, 0x0000000083500000| Complete 
|  54|0x0000000083600000, 0x0000000083700000, 0x0000000083700000|100%|HS|  |TAMS 0x0000000083700000, 0x0000000083600000| Complete 
|  55|0x0000000083700000, 0x0000000083800000, 0x0000000083800000|100%|HC|  |TAMS 0x0000000083800000, 0x0000000083700000| Complete 
|  56|0x0000000083800000, 0x0000000083900000, 0x0000000083900000|100%|HC|  |TAMS 0x0000000083900000, 0x0000000083800000| Complete 
|  57|0x0000000083900000, 0x0000000083a00000, 0x0000000083a00000|100%|HC|  |TAMS 0x0000000083a00000, 0x0000000083900000| Complete 
|  58|0x0000000083a00000, 0x0000000083b00000, 0x0000000083b00000|100%| O|  |TAMS 0x0000000083b00000, 0x0000000083a00000| Untracked 
|  59|0x0000000083b00000, 0x0000000083c00000, 0x0000000083c00000|100%| O|  |TAMS 0x0000000083c00000, 0x0000000083b00000| Untracked 
|  60|0x0000000083c00000, 0x0000000083d00000, 0x0000000083d00000|100%| O|  |TAMS 0x0000000083d00000, 0x0000000083c00000| Untracked 
|  61|0x0000000083d00000, 0x0000000083e00000, 0x0000000083e00000|100%| O|  |TAMS 0x0000000083e00000, 0x0000000083d00000| Untracked 
|  62|0x0000000083e00000, 0x0000000083f00000, 0x0000000083f00000|100%| O|  |TAMS 0x0000000083f00000, 0x0000000083e00000| Untracked 
|  63|0x0000000083f00000, 0x0000000084000000, 0x0000000084000000|100%| O|  |TAMS 0x0000000084000000, 0x0000000083f00000| Untracked 
|  64|0x0000000084000000, 0x0000000084100000, 0x0000000084100000|100%| O|  |TAMS 0x0000000084100000, 0x0000000084000000| Untracked 
|  65|0x0000000084100000, 0x0000000084200000, 0x0000000084200000|100%| O|  |TAMS 0x0000000084200000, 0x0000000084100000| Untracked 
|  66|0x0000000084200000, 0x0000000084300000, 0x0000000084300000|100%| O|  |TAMS 0x0000000084200000, 0x0000000084200000| Untracked 
|  67|0x0000000084300000, 0x0000000084400000, 0x0000000084400000|100%| O|  |TAMS 0x0000000084400000, 0x0000000084300000| Untracked 
|  68|0x0000000084400000, 0x0000000084500000, 0x0000000084500000|100%| O|  |TAMS 0x0000000084500000, 0x0000000084400000| Untracked 
|  69|0x0000000084500000, 0x0000000084600000, 0x0000000084600000|100%| O|  |TAMS 0x0000000084500000, 0x0000000084500000| Untracked 
|  70|0x0000000084600000, 0x0000000084700000, 0x0000000084700000|100%| O|  |TAMS 0x0000000084700000, 0x0000000084600000| Untracked 
|  71|0x0000000084700000, 0x0000000084800000, 0x0000000084800000|100%| O|  |TAMS 0x0000000084800000, 0x0000000084700000| Untracked 
|  72|0x0000000084800000, 0x0000000084900000, 0x0000000084900000|100%| O|  |TAMS 0x0000000084900000, 0x0000000084800000| Untracked 
|  73|0x0000000084900000, 0x0000000084a00000, 0x0000000084a00000|100%| O|  |TAMS 0x0000000084a00000, 0x0000000084900000| Untracked 
|  74|0x0000000084a00000, 0x0000000084b00000, 0x0000000084b00000|100%| O|  |TAMS 0x0000000084b00000, 0x0000000084a00000| Untracked 
|  75|0x0000000084b00000, 0x0000000084c00000, 0x0000000084c00000|100%| O|  |TAMS 0x0000000084c00000, 0x0000000084b00000| Untracked 
|  76|0x0000000084c00000, 0x0000000084c00000, 0x0000000084d00000|  0%| F|  |TAMS 0x0000000084c00000, 0x0000000084c00000| Untracked 
|  77|0x0000000084d00000, 0x0000000084d00000, 0x0000000084e00000|  0%| F|  |TAMS 0x0000000084d00000, 0x0000000084d00000| Untracked 
|  78|0x0000000084e00000, 0x0000000084f00000, 0x0000000084f00000|100%| O|  |TAMS 0x0000000084f00000, 0x0000000084e00000| Untracked 
|  79|0x0000000084f00000, 0x0000000085000000, 0x0000000085000000|100%| O|  |TAMS 0x0000000085000000, 0x0000000084f00000| Untracked 
|  80|0x0000000085000000, 0x0000000085100000, 0x0000000085100000|100%| O|  |TAMS 0x0000000085100000, 0x0000000085000000| Untracked 
|  81|0x0000000085100000, 0x0000000085200000, 0x0000000085200000|100%| O|  |TAMS 0x0000000085200000, 0x0000000085100000| Untracked 
|  82|0x0000000085200000, 0x0000000085300000, 0x0000000085300000|100%| O|  |TAMS 0x0000000085300000, 0x0000000085200000| Untracked 
|  83|0x0000000085300000, 0x0000000085400000, 0x0000000085400000|100%| O|  |TAMS 0x0000000085400000, 0x0000000085300000| Untracked 
|  84|0x0000000085400000, 0x0000000085500000, 0x0000000085500000|100%| O|  |TAMS 0x0000000085500000, 0x0000000085400000| Untracked 
|  85|0x0000000085500000, 0x0000000085600000, 0x0000000085600000|100%| O|  |TAMS 0x0000000085600000, 0x0000000085500000| Untracked 
|  86|0x0000000085600000, 0x0000000085700000, 0x0000000085700000|100%| O|  |TAMS 0x0000000085628600, 0x0000000085600000| Untracked 
|  87|0x0000000085700000, 0x00000000857ab400, 0x0000000085800000| 66%| O|  |TAMS 0x0000000085700000, 0x0000000085700000| Untracked 
|  88|0x0000000085800000, 0x0000000085800000, 0x0000000085900000|  0%| F|  |TAMS 0x0000000085800000, 0x0000000085800000| Untracked 
|  89|0x0000000085900000, 0x0000000085900000, 0x0000000085a00000|  0%| F|  |TAMS 0x0000000085900000, 0x0000000085900000| Untracked 
|  90|0x0000000085a00000, 0x0000000085a00000, 0x0000000085b00000|  0%| F|  |TAMS 0x0000000085a00000, 0x0000000085a00000| Untracked 
|  91|0x0000000085b00000, 0x0000000085b00000, 0x0000000085c00000|  0%| F|  |TAMS 0x0000000085b00000, 0x0000000085b00000| Untracked 
|  92|0x0000000085c00000, 0x0000000085c00000, 0x0000000085d00000|  0%| F|  |TAMS 0x0000000085c00000, 0x0000000085c00000| Untracked 
|  93|0x0000000085d00000, 0x0000000085d00000, 0x0000000085e00000|  0%| F|  |TAMS 0x0000000085d00000, 0x0000000085d00000| Untracked 
|  94|0x0000000085e00000, 0x0000000085e00000, 0x0000000085f00000|  0%| F|  |TAMS 0x0000000085e00000, 0x0000000085e00000| Untracked 
|  95|0x0000000085f00000, 0x0000000085f00000, 0x0000000086000000|  0%| F|  |TAMS 0x0000000085f00000, 0x0000000085f00000| Untracked 
|  96|0x0000000086000000, 0x0000000086000000, 0x0000000086100000|  0%| F|  |TAMS 0x0000000086000000, 0x0000000086000000| Untracked 
|  97|0x0000000086100000, 0x0000000086100000, 0x0000000086200000|  0%| F|  |TAMS 0x0000000086100000, 0x0000000086100000| Untracked 
|  98|0x0000000086200000, 0x0000000086200000, 0x0000000086300000|  0%| F|  |TAMS 0x0000000086200000, 0x0000000086200000| Untracked 
|  99|0x0000000086300000, 0x0000000086300000, 0x0000000086400000|  0%| F|  |TAMS 0x0000000086300000, 0x0000000086300000| Untracked 
| 100|0x0000000086400000, 0x0000000086400000, 0x0000000086500000|  0%| F|  |TAMS 0x0000000086400000, 0x0000000086400000| Untracked 
| 101|0x0000000086500000, 0x0000000086500000, 0x0000000086600000|  0%| F|  |TAMS 0x0000000086500000, 0x0000000086500000| Untracked 
| 102|0x0000000086600000, 0x0000000086600000, 0x0000000086700000|  0%| F|  |TAMS 0x0000000086600000, 0x0000000086600000| Untracked 
| 103|0x0000000086700000, 0x0000000086700000, 0x0000000086800000|  0%| F|  |TAMS 0x0000000086700000, 0x0000000086700000| Untracked 
| 104|0x0000000086800000, 0x0000000086800000, 0x0000000086900000|  0%| F|  |TAMS 0x0000000086800000, 0x0000000086800000| Untracked 
| 105|0x0000000086900000, 0x0000000086900000, 0x0000000086a00000|  0%| F|  |TAMS 0x0000000086900000, 0x0000000086900000| Untracked 
| 106|0x0000000086a00000, 0x0000000086a00000, 0x0000000086b00000|  0%| F|  |TAMS 0x0000000086a00000, 0x0000000086a00000| Untracked 
| 107|0x0000000086b00000, 0x0000000086b00000, 0x0000000086c00000|  0%| F|  |TAMS 0x0000000086b00000, 0x0000000086b00000| Untracked 
| 108|0x0000000086c00000, 0x0000000086c00000, 0x0000000086d00000|  0%| F|  |TAMS 0x0000000086c00000, 0x0000000086c00000| Untracked 
| 109|0x0000000086d00000, 0x0000000086d00000, 0x0000000086e00000|  0%| F|  |TAMS 0x0000000086d00000, 0x0000000086d00000| Untracked 
| 110|0x0000000086e00000, 0x0000000086e00000, 0x0000000086f00000|  0%| F|  |TAMS 0x0000000086e00000, 0x0000000086e00000| Untracked 
| 111|0x0000000086f00000, 0x0000000086f00000, 0x0000000087000000|  0%| F|  |TAMS 0x0000000086f00000, 0x0000000086f00000| Untracked 
| 112|0x0000000087000000, 0x0000000087000000, 0x0000000087100000|  0%| F|  |TAMS 0x0000000087000000, 0x0000000087000000| Untracked 
| 113|0x0000000087100000, 0x0000000087100000, 0x0000000087200000|  0%| F|  |TAMS 0x0000000087100000, 0x0000000087100000| Untracked 
| 114|0x0000000087200000, 0x0000000087200000, 0x0000000087300000|  0%| F|  |TAMS 0x0000000087200000, 0x0000000087200000| Untracked 
| 115|0x0000000087300000, 0x0000000087300000, 0x0000000087400000|  0%| F|  |TAMS 0x0000000087300000, 0x0000000087300000| Untracked 
| 116|0x0000000087400000, 0x0000000087433618, 0x0000000087500000| 20%| S|CS|TAMS 0x0000000087400000, 0x0000000087400000| Complete 
| 117|0x0000000087500000, 0x0000000087600000, 0x0000000087600000|100%| S|CS|TAMS 0x0000000087500000, 0x0000000087500000| Complete 
| 118|0x0000000087600000, 0x0000000087700000, 0x0000000087700000|100%| S|CS|TAMS 0x0000000087600000, 0x0000000087600000| Complete 
| 119|0x0000000087700000, 0x0000000087800000, 0x0000000087800000|100%| S|CS|TAMS 0x0000000087700000, 0x0000000087700000| Complete 
| 120|0x0000000087800000, 0x0000000087800000, 0x0000000087900000|  0%| F|  |TAMS 0x0000000087800000, 0x0000000087800000| Untracked 
| 121|0x0000000087900000, 0x0000000087900000, 0x0000000087a00000|  0%| F|  |TAMS 0x0000000087900000, 0x0000000087900000| Untracked 
| 122|0x0000000087a00000, 0x0000000087a00000, 0x0000000087b00000|  0%| F|  |TAMS 0x0000000087a00000, 0x0000000087a00000| Untracked 
| 123|0x0000000087b00000, 0x0000000087b00000, 0x0000000087c00000|  0%| F|  |TAMS 0x0000000087b00000, 0x0000000087b00000| Untracked 
| 124|0x0000000087c00000, 0x0000000087c00000, 0x0000000087d00000|  0%| F|  |TAMS 0x0000000087c00000, 0x0000000087c00000| Untracked 
| 125|0x0000000087d00000, 0x0000000087d00000, 0x0000000087e00000|  0%| F|  |TAMS 0x0000000087d00000, 0x0000000087d00000| Untracked 
| 126|0x0000000087e00000, 0x0000000087e00000, 0x0000000087f00000|  0%| F|  |TAMS 0x0000000087e00000, 0x0000000087e00000| Untracked 
| 127|0x0000000087f00000, 0x0000000087f00000, 0x0000000088000000|  0%| F|  |TAMS 0x0000000087f00000, 0x0000000087f00000| Untracked 
| 128|0x0000000088000000, 0x0000000088000000, 0x0000000088100000|  0%| F|  |TAMS 0x0000000088000000, 0x0000000088000000| Untracked 
| 129|0x0000000088100000, 0x0000000088100000, 0x0000000088200000|  0%| F|  |TAMS 0x0000000088100000, 0x0000000088100000| Untracked 
| 130|0x0000000088200000, 0x0000000088200000, 0x0000000088300000|  0%| F|  |TAMS 0x0000000088200000, 0x0000000088200000| Untracked 
| 131|0x0000000088300000, 0x0000000088300000, 0x0000000088400000|  0%| F|  |TAMS 0x0000000088300000, 0x0000000088300000| Untracked 
| 132|0x0000000088400000, 0x0000000088400000, 0x0000000088500000|  0%| F|  |TAMS 0x0000000088400000, 0x0000000088400000| Untracked 
| 133|0x0000000088500000, 0x0000000088500000, 0x0000000088600000|  0%| F|  |TAMS 0x0000000088500000, 0x0000000088500000| Untracked 
| 134|0x0000000088600000, 0x0000000088600000, 0x0000000088700000|  0%| F|  |TAMS 0x0000000088600000, 0x0000000088600000| Untracked 
| 135|0x0000000088700000, 0x0000000088700000, 0x0000000088800000|  0%| F|  |TAMS 0x0000000088700000, 0x0000000088700000| Untracked 
| 136|0x0000000088800000, 0x0000000088800000, 0x0000000088900000|  0%| F|  |TAMS 0x0000000088800000, 0x0000000088800000| Untracked 
| 137|0x0000000088900000, 0x0000000088900000, 0x0000000088a00000|  0%| F|  |TAMS 0x0000000088900000, 0x0000000088900000| Untracked 
| 138|0x0000000088a00000, 0x0000000088a00000, 0x0000000088b00000|  0%| F|  |TAMS 0x0000000088a00000, 0x0000000088a00000| Untracked 
| 139|0x0000000088b00000, 0x0000000088b00000, 0x0000000088c00000|  0%| F|  |TAMS 0x0000000088b00000, 0x0000000088b00000| Untracked 
| 140|0x0000000088c00000, 0x0000000088c00000, 0x0000000088d00000|  0%| F|  |TAMS 0x0000000088c00000, 0x0000000088c00000| Untracked 
| 141|0x0000000088d00000, 0x0000000088d00000, 0x0000000088e00000|  0%| F|  |TAMS 0x0000000088d00000, 0x0000000088d00000| Untracked 
| 142|0x0000000088e00000, 0x0000000088e00000, 0x0000000088f00000|  0%| F|  |TAMS 0x0000000088e00000, 0x0000000088e00000| Untracked 
| 143|0x0000000088f00000, 0x0000000088f00000, 0x0000000089000000|  0%| F|  |TAMS 0x0000000088f00000, 0x0000000088f00000| Untracked 
| 144|0x0000000089000000, 0x0000000089000000, 0x0000000089100000|  0%| F|  |TAMS 0x0000000089000000, 0x0000000089000000| Untracked 
| 145|0x0000000089100000, 0x0000000089100000, 0x0000000089200000|  0%| F|  |TAMS 0x0000000089100000, 0x0000000089100000| Untracked 
| 146|0x0000000089200000, 0x0000000089200000, 0x0000000089300000|  0%| F|  |TAMS 0x0000000089200000, 0x0000000089200000| Untracked 
| 147|0x0000000089300000, 0x0000000089300000, 0x0000000089400000|  0%| F|  |TAMS 0x0000000089300000, 0x0000000089300000| Untracked 
| 148|0x0000000089400000, 0x0000000089400000, 0x0000000089500000|  0%| F|  |TAMS 0x0000000089400000, 0x0000000089400000| Untracked 
| 149|0x0000000089500000, 0x0000000089500000, 0x0000000089600000|  0%| F|  |TAMS 0x0000000089500000, 0x0000000089500000| Untracked 
| 150|0x0000000089600000, 0x0000000089600000, 0x0000000089700000|  0%| F|  |TAMS 0x0000000089600000, 0x0000000089600000| Untracked 
| 151|0x0000000089700000, 0x0000000089700000, 0x0000000089800000|  0%| F|  |TAMS 0x0000000089700000, 0x0000000089700000| Untracked 
| 152|0x0000000089800000, 0x0000000089800000, 0x0000000089900000|  0%| F|  |TAMS 0x0000000089800000, 0x0000000089800000| Untracked 
| 153|0x0000000089900000, 0x0000000089900000, 0x0000000089a00000|  0%| F|  |TAMS 0x0000000089900000, 0x0000000089900000| Untracked 
| 154|0x0000000089a00000, 0x0000000089a00000, 0x0000000089b00000|  0%| F|  |TAMS 0x0000000089a00000, 0x0000000089a00000| Untracked 
| 155|0x0000000089b00000, 0x0000000089b00000, 0x0000000089c00000|  0%| F|  |TAMS 0x0000000089b00000, 0x0000000089b00000| Untracked 
| 156|0x0000000089c00000, 0x0000000089c00000, 0x0000000089d00000|  0%| F|  |TAMS 0x0000000089c00000, 0x0000000089c00000| Untracked 
| 157|0x0000000089d00000, 0x0000000089d00000, 0x0000000089e00000|  0%| F|  |TAMS 0x0000000089d00000, 0x0000000089d00000| Untracked 
| 158|0x0000000089e00000, 0x0000000089e00000, 0x0000000089f00000|  0%| F|  |TAMS 0x0000000089e00000, 0x0000000089e00000| Untracked 
| 159|0x0000000089f00000, 0x0000000089f00000, 0x000000008a000000|  0%| F|  |TAMS 0x0000000089f00000, 0x0000000089f00000| Untracked 
| 160|0x000000008a000000, 0x000000008a000000, 0x000000008a100000|  0%| F|  |TAMS 0x000000008a000000, 0x000000008a000000| Untracked 
| 161|0x000000008a100000, 0x000000008a100000, 0x000000008a200000|  0%| F|  |TAMS 0x000000008a100000, 0x000000008a100000| Untracked 
| 162|0x000000008a200000, 0x000000008a200000, 0x000000008a300000|  0%| F|  |TAMS 0x000000008a200000, 0x000000008a200000| Untracked 
| 163|0x000000008a300000, 0x000000008a300000, 0x000000008a400000|  0%| F|  |TAMS 0x000000008a300000, 0x000000008a300000| Untracked 
| 164|0x000000008a400000, 0x000000008a400000, 0x000000008a500000|  0%| F|  |TAMS 0x000000008a400000, 0x000000008a400000| Untracked 
| 165|0x000000008a500000, 0x000000008a500000, 0x000000008a600000|  0%| F|  |TAMS 0x000000008a500000, 0x000000008a500000| Untracked 
| 166|0x000000008a600000, 0x000000008a600000, 0x000000008a700000|  0%| F|  |TAMS 0x000000008a600000, 0x000000008a600000| Untracked 
| 167|0x000000008a700000, 0x000000008a700000, 0x000000008a800000|  0%| F|  |TAMS 0x000000008a700000, 0x000000008a700000| Untracked 
| 168|0x000000008a800000, 0x000000008a800000, 0x000000008a900000|  0%| F|  |TAMS 0x000000008a800000, 0x000000008a800000| Untracked 
| 169|0x000000008a900000, 0x000000008a900000, 0x000000008aa00000|  0%| F|  |TAMS 0x000000008a900000, 0x000000008a900000| Untracked 
| 170|0x000000008aa00000, 0x000000008aa00000, 0x000000008ab00000|  0%| F|  |TAMS 0x000000008aa00000, 0x000000008aa00000| Untracked 
| 171|0x000000008ab00000, 0x000000008ab00000, 0x000000008ac00000|  0%| F|  |TAMS 0x000000008ab00000, 0x000000008ab00000| Untracked 
| 172|0x000000008ac00000, 0x000000008ac00000, 0x000000008ad00000|  0%| F|  |TAMS 0x000000008ac00000, 0x000000008ac00000| Untracked 
| 173|0x000000008ad00000, 0x000000008ad00000, 0x000000008ae00000|  0%| F|  |TAMS 0x000000008ad00000, 0x000000008ad00000| Untracked 
| 174|0x000000008ae00000, 0x000000008ae00000, 0x000000008af00000|  0%| F|  |TAMS 0x000000008ae00000, 0x000000008ae00000| Untracked 
| 175|0x000000008af00000, 0x000000008af00000, 0x000000008b000000|  0%| F|  |TAMS 0x000000008af00000, 0x000000008af00000| Untracked 
| 176|0x000000008b000000, 0x000000008b000000, 0x000000008b100000|  0%| F|  |TAMS 0x000000008b000000, 0x000000008b000000| Untracked 
| 177|0x000000008b100000, 0x000000008b100000, 0x000000008b200000|  0%| F|  |TAMS 0x000000008b100000, 0x000000008b100000| Untracked 
| 178|0x000000008b200000, 0x000000008b200000, 0x000000008b300000|  0%| F|  |TAMS 0x000000008b200000, 0x000000008b200000| Untracked 
| 179|0x000000008b300000, 0x000000008b300000, 0x000000008b400000|  0%| F|  |TAMS 0x000000008b300000, 0x000000008b300000| Untracked 
| 180|0x000000008b400000, 0x000000008b400000, 0x000000008b500000|  0%| F|  |TAMS 0x000000008b400000, 0x000000008b400000| Untracked 
| 181|0x000000008b500000, 0x000000008b500000, 0x000000008b600000|  0%| F|  |TAMS 0x000000008b500000, 0x000000008b500000| Untracked 
| 182|0x000000008b600000, 0x000000008b600000, 0x000000008b700000|  0%| F|  |TAMS 0x000000008b600000, 0x000000008b600000| Untracked 
| 183|0x000000008b700000, 0x000000008b700000, 0x000000008b800000|  0%| F|  |TAMS 0x000000008b700000, 0x000000008b700000| Untracked 
| 184|0x000000008b800000, 0x000000008b800000, 0x000000008b900000|  0%| F|  |TAMS 0x000000008b800000, 0x000000008b800000| Untracked 
| 185|0x000000008b900000, 0x000000008b900000, 0x000000008ba00000|  0%| F|  |TAMS 0x000000008b900000, 0x000000008b900000| Untracked 
| 186|0x000000008ba00000, 0x000000008ba00000, 0x000000008bb00000|  0%| F|  |TAMS 0x000000008ba00000, 0x000000008ba00000| Untracked 
| 187|0x000000008bb00000, 0x000000008bb00000, 0x000000008bc00000|  0%| F|  |TAMS 0x000000008bb00000, 0x000000008bb00000| Untracked 
| 188|0x000000008bc00000, 0x000000008bc00000, 0x000000008bd00000|  0%| F|  |TAMS 0x000000008bc00000, 0x000000008bc00000| Untracked 
| 189|0x000000008bd00000, 0x000000008bd00000, 0x000000008be00000|  0%| F|  |TAMS 0x000000008bd00000, 0x000000008bd00000| Untracked 
| 190|0x000000008be00000, 0x000000008be00000, 0x000000008bf00000|  0%| F|  |TAMS 0x000000008be00000, 0x000000008be00000| Untracked 
| 191|0x000000008bf00000, 0x000000008bf00000, 0x000000008c000000|  0%| F|  |TAMS 0x000000008bf00000, 0x000000008bf00000| Untracked 
| 192|0x000000008c000000, 0x000000008c000000, 0x000000008c100000|  0%| F|  |TAMS 0x000000008c000000, 0x000000008c000000| Untracked 
| 193|0x000000008c100000, 0x000000008c100000, 0x000000008c200000|  0%| F|  |TAMS 0x000000008c100000, 0x000000008c100000| Untracked 
| 194|0x000000008c200000, 0x000000008c200000, 0x000000008c300000|  0%| F|  |TAMS 0x000000008c200000, 0x000000008c200000| Untracked 
| 195|0x000000008c300000, 0x000000008c300000, 0x000000008c400000|  0%| F|  |TAMS 0x000000008c300000, 0x000000008c300000| Untracked 
| 196|0x000000008c400000, 0x000000008c400000, 0x000000008c500000|  0%| F|  |TAMS 0x000000008c400000, 0x000000008c400000| Untracked 
| 197|0x000000008c500000, 0x000000008c500000, 0x000000008c600000|  0%| F|  |TAMS 0x000000008c500000, 0x000000008c500000| Untracked 
| 198|0x000000008c600000, 0x000000008c600000, 0x000000008c700000|  0%| F|  |TAMS 0x000000008c600000, 0x000000008c600000| Untracked 
| 199|0x000000008c700000, 0x000000008c700000, 0x000000008c800000|  0%| F|  |TAMS 0x000000008c700000, 0x000000008c700000| Untracked 
| 200|0x000000008c800000, 0x000000008c800000, 0x000000008c900000|  0%| F|  |TAMS 0x000000008c800000, 0x000000008c800000| Untracked 
| 201|0x000000008c900000, 0x000000008c900000, 0x000000008ca00000|  0%| F|  |TAMS 0x000000008c900000, 0x000000008c900000| Untracked 
| 202|0x000000008ca00000, 0x000000008ca00000, 0x000000008cb00000|  0%| F|  |TAMS 0x000000008ca00000, 0x000000008ca00000| Untracked 
| 203|0x000000008cb00000, 0x000000008cb00000, 0x000000008cc00000|  0%| F|  |TAMS 0x000000008cb00000, 0x000000008cb00000| Untracked 
| 204|0x000000008cc00000, 0x000000008cc00000, 0x000000008cd00000|  0%| F|  |TAMS 0x000000008cc00000, 0x000000008cc00000| Untracked 
| 205|0x000000008cd00000, 0x000000008cd00000, 0x000000008ce00000|  0%| F|  |TAMS 0x000000008cd00000, 0x000000008cd00000| Untracked 
| 206|0x000000008ce00000, 0x000000008ce00000, 0x000000008cf00000|  0%| F|  |TAMS 0x000000008ce00000, 0x000000008ce00000| Untracked 
| 207|0x000000008cf00000, 0x000000008cf00000, 0x000000008d000000|  0%| F|  |TAMS 0x000000008cf00000, 0x000000008cf00000| Untracked 
| 208|0x000000008d000000, 0x000000008d000000, 0x000000008d100000|  0%| F|  |TAMS 0x000000008d000000, 0x000000008d000000| Untracked 
| 209|0x000000008d100000, 0x000000008d100000, 0x000000008d200000|  0%| F|  |TAMS 0x000000008d100000, 0x000000008d100000| Untracked 
| 210|0x000000008d200000, 0x000000008d200000, 0x000000008d300000|  0%| F|  |TAMS 0x000000008d200000, 0x000000008d200000| Untracked 
| 211|0x000000008d300000, 0x000000008d300000, 0x000000008d400000|  0%| F|  |TAMS 0x000000008d300000, 0x000000008d300000| Untracked 
| 212|0x000000008d400000, 0x000000008d400000, 0x000000008d500000|  0%| F|  |TAMS 0x000000008d400000, 0x000000008d400000| Untracked 
| 213|0x000000008d500000, 0x000000008d500000, 0x000000008d600000|  0%| F|  |TAMS 0x000000008d500000, 0x000000008d500000| Untracked 
| 214|0x000000008d600000, 0x000000008d600000, 0x000000008d700000|  0%| F|  |TAMS 0x000000008d600000, 0x000000008d600000| Untracked 
| 215|0x000000008d700000, 0x000000008d700000, 0x000000008d800000|  0%| F|  |TAMS 0x000000008d700000, 0x000000008d700000| Untracked 
| 216|0x000000008d800000, 0x000000008d800000, 0x000000008d900000|  0%| F|  |TAMS 0x000000008d800000, 0x000000008d800000| Untracked 
| 217|0x000000008d900000, 0x000000008d900000, 0x000000008da00000|  0%| F|  |TAMS 0x000000008d900000, 0x000000008d900000| Untracked 
| 218|0x000000008da00000, 0x000000008da00000, 0x000000008db00000|  0%| F|  |TAMS 0x000000008da00000, 0x000000008da00000| Untracked 
| 219|0x000000008db00000, 0x000000008db00000, 0x000000008dc00000|  0%| F|  |TAMS 0x000000008db00000, 0x000000008db00000| Untracked 
| 220|0x000000008dc00000, 0x000000008dc00000, 0x000000008dd00000|  0%| F|  |TAMS 0x000000008dc00000, 0x000000008dc00000| Untracked 
| 221|0x000000008dd00000, 0x000000008dd00000, 0x000000008de00000|  0%| F|  |TAMS 0x000000008dd00000, 0x000000008dd00000| Untracked 
| 222|0x000000008de00000, 0x000000008de00000, 0x000000008df00000|  0%| F|  |TAMS 0x000000008de00000, 0x000000008de00000| Untracked 
| 223|0x000000008df00000, 0x000000008df00000, 0x000000008e000000|  0%| F|  |TAMS 0x000000008df00000, 0x000000008df00000| Untracked 
| 224|0x000000008e000000, 0x000000008e000000, 0x000000008e100000|  0%| F|  |TAMS 0x000000008e000000, 0x000000008e000000| Untracked 
| 225|0x000000008e100000, 0x000000008e100000, 0x000000008e200000|  0%| F|  |TAMS 0x000000008e100000, 0x000000008e100000| Untracked 
| 226|0x000000008e200000, 0x000000008e200000, 0x000000008e300000|  0%| F|  |TAMS 0x000000008e200000, 0x000000008e200000| Untracked 
| 227|0x000000008e300000, 0x000000008e300000, 0x000000008e400000|  0%| F|  |TAMS 0x000000008e300000, 0x000000008e300000| Untracked 
| 228|0x000000008e400000, 0x000000008e400000, 0x000000008e500000|  0%| F|  |TAMS 0x000000008e400000, 0x000000008e400000| Untracked 
| 229|0x000000008e500000, 0x000000008e500000, 0x000000008e600000|  0%| F|  |TAMS 0x000000008e500000, 0x000000008e500000| Untracked 
| 230|0x000000008e600000, 0x000000008e600000, 0x000000008e700000|  0%| F|  |TAMS 0x000000008e600000, 0x000000008e600000| Untracked 
| 231|0x000000008e700000, 0x000000008e700000, 0x000000008e800000|  0%| F|  |TAMS 0x000000008e700000, 0x000000008e700000| Untracked 
| 232|0x000000008e800000, 0x000000008e800000, 0x000000008e900000|  0%| F|  |TAMS 0x000000008e800000, 0x000000008e800000| Untracked 
| 233|0x000000008e900000, 0x000000008e900000, 0x000000008ea00000|  0%| F|  |TAMS 0x000000008e900000, 0x000000008e900000| Untracked 
| 234|0x000000008ea00000, 0x000000008ea00000, 0x000000008eb00000|  0%| F|  |TAMS 0x000000008ea00000, 0x000000008ea00000| Untracked 
| 235|0x000000008eb00000, 0x000000008eb00000, 0x000000008ec00000|  0%| F|  |TAMS 0x000000008eb00000, 0x000000008eb00000| Untracked 
| 236|0x000000008ec00000, 0x000000008ec00000, 0x000000008ed00000|  0%| F|  |TAMS 0x000000008ec00000, 0x000000008ec00000| Untracked 
| 237|0x000000008ed00000, 0x000000008ed00000, 0x000000008ee00000|  0%| F|  |TAMS 0x000000008ed00000, 0x000000008ed00000| Untracked 
| 238|0x000000008ee00000, 0x000000008ee00000, 0x000000008ef00000|  0%| F|  |TAMS 0x000000008ee00000, 0x000000008ee00000| Untracked 
| 239|0x000000008ef00000, 0x000000008ef00000, 0x000000008f000000|  0%| F|  |TAMS 0x000000008ef00000, 0x000000008ef00000| Untracked 
| 240|0x000000008f000000, 0x000000008f000000, 0x000000008f100000|  0%| F|  |TAMS 0x000000008f000000, 0x000000008f000000| Untracked 
| 241|0x000000008f100000, 0x000000008f100000, 0x000000008f200000|  0%| F|  |TAMS 0x000000008f100000, 0x000000008f100000| Untracked 
| 242|0x000000008f200000, 0x000000008f200000, 0x000000008f300000|  0%| F|  |TAMS 0x000000008f200000, 0x000000008f200000| Untracked 
| 243|0x000000008f300000, 0x000000008f300000, 0x000000008f400000|  0%| F|  |TAMS 0x000000008f300000, 0x000000008f300000| Untracked 

Card table byte_map: [0x000001b5f4c10000,0x000001b5f5010000] _byte_map_base: 0x000001b5f4810000

Marking Bits (Prev, Next): (CMBitMap*) 0x000001b5dd4812a0, (CMBitMap*) 0x000001b5dd4812e0
 Prev Bits: [0x000001b5f5410000, 0x000001b5f7410000)
 Next Bits: [0x000001b5f7410000, 0x000001b5f9410000)

Polling page: 0x000001b5db200000

Metaspace:

Usage:
  Non-class:     61.88 MB used.
      Class:     10.09 MB used.
       Both:     71.97 MB used.

Virtual space:
  Non-class space:       64.00 MB reserved,      62.31 MB ( 97%) committed,  1 nodes.
      Class space:      416.00 MB reserved,      10.44 MB (  3%) committed,  1 nodes.
             Both:      480.00 MB reserved,      72.75 MB ( 15%) committed. 

Chunk freelists:
   Non-Class:  1.09 MB
       Class:  5.56 MB
        Both:  6.66 MB

MaxMetaspaceSize: 512.00 MB
CompressedClassSpaceSize: 416.00 MB
Initial GC threshold: 21.00 MB
Current GC threshold: 121.19 MB
CDS: on
MetaspaceReclaimPolicy: balanced
 - commit_granule_bytes: 65536.
 - commit_granule_words: 8192.
 - virtual_space_node_default_size: 8388608.
 - enlarge_chunks_in_place: 1.
 - new_chunks_are_fully_committed: 0.
 - uncommit_free_chunks: 1.
 - use_allocation_guard: 0.
 - handle_deallocations: 1.


Internal statistics:

num_allocs_failed_limit: 6.
num_arena_births: 1056.
num_arena_deaths: 0.
num_vsnodes_births: 2.
num_vsnodes_deaths: 0.
num_space_committed: 1164.
num_space_uncommitted: 0.
num_chunks_returned_to_freelist: 6.
num_chunks_taken_from_freelist: 4217.
num_chunk_merges: 6.
num_chunk_splits: 2742.
num_chunks_enlarged: 1760.
num_inconsistent_stats: 0.

CodeHeap 'non-profiled nmethods': size=119168Kb used=5591Kb max_used=5646Kb free=113576Kb
 bounds [0x000001b5ecb30000, 0x000001b5ed0c0000, 0x000001b5f3f90000]
CodeHeap 'profiled nmethods': size=119104Kb used=19760Kb max_used=20759Kb free=99343Kb
 bounds [0x000001b5e4f90000, 0x000001b5e63e0000, 0x000001b5ec3e0000]
CodeHeap 'non-nmethods': size=7488Kb used=4073Kb max_used=4127Kb free=3415Kb
 bounds [0x000001b5ec3e0000, 0x000001b5ec800000, 0x000001b5ecb30000]
 total_blobs=11310 nmethods=10400 adapters=817
 compilation: enabled
              stopped_count=0, restarted_count=0
 full_count=0

Compilation events (20 events):
Event: 15.959 Thread 0x000001b5fc458b40 11954       3       org.gradle.api.internal.artifacts.transform.TransformStep::doTransform (112 bytes)
Event: 15.960 Thread 0x000001b5fc5a4b00 nmethod 11953 0x000001b5e56f8590 code [0x000001b5e56f8740, 0x000001b5e56f88a8]
Event: 15.960 Thread 0x000001b5feab9800 11945       4       org.gradle.internal.execution.UnitOfWork::getTypeOriginInspector (4 bytes)
Event: 15.961 Thread 0x000001b5feab9800 nmethod 11945 0x000001b5ecd62d90 code [0x000001b5ecd62f20, 0x000001b5ecd62f98]
Event: 15.961 Thread 0x000001b5feab9800 11949       4       org.gradle.api.internal.file.EmptyFileCollection::visitContents (1 bytes)
Event: 15.962 Thread 0x000001b5fc458b40 nmethod 11954 0x000001b5e513ca90 code [0x000001b5e513cda0, 0x000001b5e513e328]
Event: 15.962 Thread 0x000001b5feab9800 nmethod 11949 0x000001b5ece5cd90 code [0x000001b5ece5cf00, 0x000001b5ece5cf78]
Event: 15.962 Thread 0x000001b5feab9800 11948       4       org.gradle.internal.snapshot.ChildMapFactory::childMapFromSorted (84 bytes)
Event: 15.963 Thread 0x000001b5feab5840 nmethod 11933 0x000001b5ecb94890 code [0x000001b5ecb94aa0, 0x000001b5ecb954d0]
Event: 15.963 Thread 0x000001b5feab5840 11946   !   4       com.esotericsoftware.kryo.io.Output::flush (57 bytes)
Event: 15.967 Thread 0x000001b5feab5840 nmethod 11946 0x000001b5ece5ca10 code [0x000001b5ece5cba0, 0x000001b5ece5cc98]
Event: 15.967 Thread 0x000001b5feab5840 11892       4       java.lang.Enum::hashCode (5 bytes)
Event: 15.968 Thread 0x000001b5feab5840 nmethod 11892 0x000001b5ece5c510 code [0x000001b5ece5c6a0, 0x000001b5ece5c768]
Event: 15.968 Thread 0x000001b5feab5840 11943   !   4       sun.nio.fs.WindowsDirectoryStream$WindowsDirectoryIterator::acceptEntry (71 bytes)
Event: 15.970 Thread 0x000001b5feab8810 nmethod 11952 0x000001b5ecb94110 code [0x000001b5ecb942c0, 0x000001b5ecb945e8]
Event: 15.970 Thread 0x000001b5feab8810 11955       4       java.util.ArrayList::<init> (63 bytes)
Event: 15.971 Thread 0x000001b5fc4521d0 nmethod 11914 0x000001b5ecf1da90 code [0x000001b5ecf1dce0, 0x000001b5ecf1f848]
Event: 15.972 Thread 0x000001b5fc4521d0 11947       4       org.gradle.internal.fingerprint.impl.EmptyCurrentFileCollectionFingerprint::getHash (4 bytes)
Event: 15.973 Thread 0x000001b5fc4521d0 nmethod 11947 0x000001b5ecb93e10 code [0x000001b5ecb93fa0, 0x000001b5ecb94018]
Event: 15.973 Thread 0x000001b5feab9800 nmethod 11948 0x000001b5ecb93610 code [0x000001b5ecb937c0, 0x000001b5ecb93b18]

GC Heap History (20 events):
Event: 11.269 GC heap after
{Heap after GC invocations=24 (full 0):
 garbage-first heap   total 161792K, used 68508K [0x0000000080000000, 0x0000000100000000)
  region size 1024K, 1 young (1024K), 1 survivors (1024K)
 Metaspace       used 61850K, committed 62464K, reserved 491520K
  class space    used 8737K, committed 9024K, reserved 425984K
}
Event: 12.285 GC heap before
{Heap before GC invocations=24 (full 0):
 garbage-first heap   total 161792K, used 125852K [0x0000000080000000, 0x0000000100000000)
  region size 1024K, 57 young (58368K), 1 survivors (1024K)
 Metaspace       used 64415K, committed 65088K, reserved 491520K
  class space    used 9106K, committed 9408K, reserved 425984K
}
Event: 12.290 GC heap after
{Heap after GC invocations=25 (full 0):
 garbage-first heap   total 161792K, used 72739K [0x0000000080000000, 0x0000000100000000)
  region size 1024K, 5 young (5120K), 5 survivors (5120K)
 Metaspace       used 64415K, committed 65088K, reserved 491520K
  class space    used 9106K, committed 9408K, reserved 425984K
}
Event: 13.339 GC heap before
{Heap before GC invocations=25 (full 0):
 garbage-first heap   total 161792K, used 125987K [0x0000000080000000, 0x0000000100000000)
  region size 1024K, 58 young (59392K), 5 survivors (5120K)
 Metaspace       used 68605K, committed 69376K, reserved 491520K
  class space    used 9794K, committed 10176K, reserved 425984K
}
Event: 13.346 GC heap after
{Heap after GC invocations=26 (full 0):
 garbage-first heap   total 161792K, used 77496K [0x0000000080000000, 0x0000000100000000)
  region size 1024K, 6 young (6144K), 6 survivors (6144K)
 Metaspace       used 68605K, committed 69376K, reserved 491520K
  class space    used 9794K, committed 10176K, reserved 425984K
}
Event: 14.314 GC heap before
{Heap before GC invocations=26 (full 0):
 garbage-first heap   total 161792K, used 126648K [0x0000000080000000, 0x0000000100000000)
  region size 1024K, 55 young (56320K), 6 survivors (6144K)
 Metaspace       used 71588K, committed 72320K, reserved 491520K
  class space    used 10135K, committed 10496K, reserved 425984K
}
Event: 14.320 GC heap after
{Heap after GC invocations=27 (full 0):
 garbage-first heap   total 161792K, used 81062K [0x0000000080000000, 0x0000000100000000)
  region size 1024K, 5 young (5120K), 5 survivors (5120K)
 Metaspace       used 71588K, committed 72320K, reserved 491520K
  class space    used 10135K, committed 10496K, reserved 425984K
}
Event: 14.404 GC heap before
{Heap before GC invocations=27 (full 0):
 garbage-first heap   total 161792K, used 87206K [0x0000000080000000, 0x0000000100000000)
  region size 1024K, 13 young (13312K), 5 survivors (5120K)
 Metaspace       used 71793K, committed 72512K, reserved 491520K
  class space    used 10164K, committed 10496K, reserved 425984K
}
Event: 14.408 GC heap after
{Heap after GC invocations=28 (full 0):
 garbage-first heap   total 161792K, used 82134K [0x0000000080000000, 0x0000000100000000)
  region size 1024K, 3 young (3072K), 3 survivors (3072K)
 Metaspace       used 71793K, committed 72512K, reserved 491520K
  class space    used 10164K, committed 10496K, reserved 425984K
}
Event: 15.105 GC heap before
{Heap before GC invocations=29 (full 0):
 garbage-first heap   total 161792K, used 123094K [0x0000000080000000, 0x0000000100000000)
  region size 1024K, 43 young (44032K), 3 survivors (3072K)
 Metaspace       used 73458K, committed 74240K, reserved 491520K
  class space    used 10328K, committed 10688K, reserved 425984K
}
Event: 15.112 GC heap after
{Heap after GC invocations=30 (full 0):
 garbage-first heap   total 161792K, used 87391K [0x0000000080000000, 0x0000000100000000)
  region size 1024K, 6 young (6144K), 6 survivors (6144K)
 Metaspace       used 73458K, committed 74240K, reserved 491520K
  class space    used 10328K, committed 10688K, reserved 425984K
}
Event: 15.121 GC heap before
{Heap before GC invocations=30 (full 0):
 garbage-first heap   total 161792K, used 88415K [0x0000000080000000, 0x0000000100000000)
  region size 1024K, 7 young (7168K), 6 survivors (6144K)
 Metaspace       used 73465K, committed 74240K, reserved 491520K
  class space    used 10328K, committed 10688K, reserved 425984K
}
Event: 15.127 GC heap after
{Heap after GC invocations=31 (full 0):
 garbage-first heap   total 161792K, used 86177K [0x0000000080000000, 0x0000000100000000)
  region size 1024K, 1 young (1024K), 1 survivors (1024K)
 Metaspace       used 73465K, committed 74240K, reserved 491520K
  class space    used 10328K, committed 10688K, reserved 425984K
}
Event: 15.672 GC heap before
{Heap before GC invocations=31 (full 0):
 garbage-first heap   total 161792K, used 125089K [0x0000000080000000, 0x0000000100000000)
  region size 1024K, 39 young (39936K), 1 survivors (1024K)
 Metaspace       used 73665K, committed 74368K, reserved 491520K
  class space    used 10330K, committed 10688K, reserved 425984K
}
Event: 15.675 GC heap after
{Heap after GC invocations=32 (full 0):
 garbage-first heap   total 161792K, used 88626K [0x0000000080000000, 0x0000000100000000)
  region size 1024K, 4 young (4096K), 4 survivors (4096K)
 Metaspace       used 73665K, committed 74368K, reserved 491520K
  class space    used 10330K, committed 10688K, reserved 425984K
}
Event: 15.818 GC heap before
{Heap before GC invocations=33 (full 0):
 garbage-first heap   total 171008K, used 125490K [0x0000000080000000, 0x0000000100000000)
  region size 1024K, 41 young (41984K), 4 survivors (4096K)
 Metaspace       used 73690K, committed 74432K, reserved 491520K
  class space    used 10330K, committed 10688K, reserved 425984K
}
Event: 15.822 GC heap after
{Heap after GC invocations=34 (full 0):
 garbage-first heap   total 171008K, used 89711K [0x0000000080000000, 0x0000000100000000)
  region size 1024K, 4 young (4096K), 4 survivors (4096K)
 Metaspace       used 73690K, committed 74432K, reserved 491520K
  class space    used 10330K, committed 10688K, reserved 425984K
}
Event: 15.833 GC heap before
{Heap before GC invocations=34 (full 0):
 garbage-first heap   total 171008K, used 93807K [0x0000000080000000, 0x0000000100000000)
  region size 1024K, 8 young (8192K), 4 survivors (4096K)
 Metaspace       used 73692K, committed 74432K, reserved 491520K
  class space    used 10330K, committed 10688K, reserved 425984K
}
Event: 15.837 GC heap after
{Heap after GC invocations=35 (full 0):
 garbage-first heap   total 171008K, used 87725K [0x0000000080000000, 0x0000000100000000)
  region size 1024K, 1 young (1024K), 1 survivors (1024K)
 Metaspace       used 73692K, committed 74432K, reserved 491520K
  class space    used 10330K, committed 10688K, reserved 425984K
}
Event: 15.973 GC heap before
{Heap before GC invocations=35 (full 0):
 garbage-first heap   total 171008K, used 133805K [0x0000000080000000, 0x0000000100000000)
  region size 1024K, 47 young (48128K), 1 survivors (1024K)
 Metaspace       used 73696K, committed 74496K, reserved 491520K
  class space    used 10330K, committed 10688K, reserved 425984K
}

Dll operation events (15 events):
Event: 0.016 Loaded shared library C:\Program Files\Microsoft\jdk-17.0.17.10-hotspot\bin\java.dll
Event: 0.040 Loaded shared library C:\Program Files\Microsoft\jdk-17.0.17.10-hotspot\bin\jsvml.dll
Event: 0.094 Loaded shared library C:\Program Files\Microsoft\jdk-17.0.17.10-hotspot\bin\zip.dll
Event: 0.096 Loaded shared library C:\Program Files\Microsoft\jdk-17.0.17.10-hotspot\bin\instrument.dll
Event: 0.100 Loaded shared library C:\Program Files\Microsoft\jdk-17.0.17.10-hotspot\bin\net.dll
Event: 0.101 Loaded shared library C:\Program Files\Microsoft\jdk-17.0.17.10-hotspot\bin\nio.dll
Event: 0.104 Loaded shared library C:\Program Files\Microsoft\jdk-17.0.17.10-hotspot\bin\zip.dll
Event: 0.382 Loaded shared library C:\Program Files\Microsoft\jdk-17.0.17.10-hotspot\bin\jimage.dll
Event: 0.487 Loaded shared library C:\Program Files\Microsoft\jdk-17.0.17.10-hotspot\bin\verify.dll
Event: 0.703 Loaded shared library C:\Users\Grahald\.gradle\native\c067742578af261105cb4f569cf0c3c89f3d7b1fecec35dd04571415982c5e48\windows-amd64\native-platform.dll
Event: 0.710 Loaded shared library C:\Users\Grahald\.gradle\native\100fb08df4bc3b14c8652ba06237920a3bd2aa13389f12d3474272988ae205f9\windows-amd64\native-platform-file-events.dll
Event: 1.825 Loaded shared library C:\Program Files\Microsoft\jdk-17.0.17.10-hotspot\bin\management.dll
Event: 1.828 Loaded shared library C:\Program Files\Microsoft\jdk-17.0.17.10-hotspot\bin\management_ext.dll
Event: 2.022 Loaded shared library C:\Program Files\Microsoft\jdk-17.0.17.10-hotspot\bin\extnet.dll
Event: 2.246 Loaded shared library C:\Program Files\Microsoft\jdk-17.0.17.10-hotspot\bin\sunmscapi.dll

Deoptimization events (20 events):
Event: 15.947 Thread 0x000001b5a31f09b0 DEOPT PACKING pc=0x000001b5ecdaa344 sp=0x0000008a33efdf10
Event: 15.947 Thread 0x000001b5a31f09b0 DEOPT UNPACKING pc=0x000001b5ec4369a3 sp=0x0000008a33efde68 mode 2
Event: 15.947 Thread 0x000001b5a31f09b0 Uncommon trap: trap_request=0xffffffde fr.pc=0x000001b5ecdaa344 relative=0x0000000000000284
Event: 15.947 Thread 0x000001b5a31f09b0 Uncommon trap: reason=class_check action=maybe_recompile pc=0x000001b5ecdaa344 method=java.util.concurrent.ConcurrentHashMap.get(Ljava/lang/Object;)Ljava/lang/Object; @ 93 c2
Event: 15.947 Thread 0x000001b5a31f09b0 DEOPT PACKING pc=0x000001b5ecdaa344 sp=0x0000008a33efdf10
Event: 15.947 Thread 0x000001b5a31f09b0 DEOPT UNPACKING pc=0x000001b5ec4369a3 sp=0x0000008a33efde68 mode 2
Event: 15.948 Thread 0x000001b5a31f09b0 Uncommon trap: trap_request=0xffffffde fr.pc=0x000001b5ecdaa344 relative=0x0000000000000284
Event: 15.948 Thread 0x000001b5a31f09b0 Uncommon trap: reason=class_check action=maybe_recompile pc=0x000001b5ecdaa344 method=java.util.concurrent.ConcurrentHashMap.get(Ljava/lang/Object;)Ljava/lang/Object; @ 93 c2
Event: 15.948 Thread 0x000001b5a31f4160 Uncommon trap: trap_request=0xffffffde fr.pc=0x000001b5ecdaa344 relative=0x0000000000000284
Event: 15.948 Thread 0x000001b5a31f4160 Uncommon trap: reason=class_check action=maybe_recompile pc=0x000001b5ecdaa344 method=java.util.concurrent.ConcurrentHashMap.get(Ljava/lang/Object;)Ljava/lang/Object; @ 93 c2
Event: 15.948 Thread 0x000001b5a31f09b0 DEOPT PACKING pc=0x000001b5ecdaa344 sp=0x0000008a33efdf10
Event: 15.948 Thread 0x000001b5a31f09b0 DEOPT UNPACKING pc=0x000001b5ec4369a3 sp=0x0000008a33efde68 mode 2
Event: 15.948 Thread 0x000001b5a31f4160 DEOPT PACKING pc=0x000001b5ecdaa344 sp=0x0000008a344fe070
Event: 15.948 Thread 0x000001b5a31f4160 DEOPT UNPACKING pc=0x000001b5ec4369a3 sp=0x0000008a344fdfc8 mode 2
Event: 15.950 Thread 0x000001b5a31efa80 DEOPT PACKING pc=0x000001b5e50eb129 sp=0x0000008a333fdec0
Event: 15.950 Thread 0x000001b5a31efa80 DEOPT UNPACKING pc=0x000001b5ec437143 sp=0x0000008a333fd3d0 mode 0
Event: 15.953 Thread 0x000001b5a31f69e0 Uncommon trap: trap_request=0xffffff45 fr.pc=0x000001b5ece8fee0 relative=0x0000000000000220
Event: 15.953 Thread 0x000001b5a31f69e0 Uncommon trap: reason=unstable_if action=reinterpret pc=0x000001b5ece8fee0 method=java.util.concurrent.ConcurrentHashMap.addCount(JI)V @ 171 c2
Event: 15.954 Thread 0x000001b5a31f69e0 DEOPT PACKING pc=0x000001b5ece8fee0 sp=0x0000008a346fdf50
Event: 15.954 Thread 0x000001b5a31f69e0 DEOPT UNPACKING pc=0x000001b5ec4369a3 sp=0x0000008a346fde90 mode 2

Classes loaded (20 events):
Event: 14.626 Loading class org/xml/sax/Locator
Event: 14.626 Loading class org/xml/sax/Locator done
Event: 14.626 Loading class org/xml/sax/SAXParseException
Event: 14.627 Loading class org/xml/sax/SAXParseException done
Event: 14.628 Loading class org/xml/sax/Attributes
Event: 14.629 Loading class org/xml/sax/Attributes done
Event: 14.654 Loading class java/util/AbstractCollectionBeanInfo
Event: 14.654 Loading class java/util/AbstractCollectionBeanInfo done
Event: 14.654 Loading class java/util/AbstractCollectionBeanInfo
Event: 14.654 Loading class java/util/AbstractCollectionBeanInfo done
Event: 14.655 Loading class java/util/AbstractCollectionCustomizer
Event: 14.655 Loading class java/util/AbstractCollectionCustomizer done
Event: 14.655 Loading class java/util/AbstractCollectionCustomizer
Event: 14.655 Loading class java/util/AbstractCollectionCustomizer done
Event: 14.655 Loading class sun/reflect/generics/reflectiveObjects/GenericArrayTypeImpl
Event: 14.655 Loading class sun/reflect/generics/reflectiveObjects/GenericArrayTypeImpl done
Event: 14.876 Loading class java/util/Collections$ReverseComparator
Event: 14.876 Loading class java/util/Collections$ReverseComparator done
Event: 14.876 Loading class java/util/Collections$ReverseComparator2
Event: 14.876 Loading class java/util/Collections$ReverseComparator2 done

Classes unloaded (0 events):
No events

Classes redefined (0 events):
No events

Internal exceptions (20 events):
Event: 14.654 Thread 0x000001b5fc76b140 Exception <a 'java/lang/ClassNotFoundException'{0x00000000887e32e8}: org/gradle/api/internal/DefaultNamedDomainObjectCollectionBeanInfo> (0x00000000887e32e8) 
thrown [s\src\hotspot\share\classfile\systemDictionary.cpp, line 256]
Event: 14.654 Thread 0x000001b5fc76b140 Exception <a 'java/lang/ClassNotFoundException'{0x00000000887f9498}: org/gradle/api/internal/DefaultDomainObjectCollectionBeanInfo> (0x00000000887f9498) 
thrown [s\src\hotspot\share\classfile\systemDictionary.cpp, line 256]
Event: 14.654 Thread 0x000001b5fc76b140 Exception <a 'java/lang/ClassNotFoundException'{0x00000000886014a8}: java/util/AbstractCollectionBeanInfo> (0x00000000886014a8) 
thrown [s\src\hotspot\share\classfile\systemDictionary.cpp, line 256]
Event: 14.655 Thread 0x000001b5fc76b140 Exception <a 'java/lang/ClassNotFoundException'{0x0000000088609240}: java/util/AbstractCollectionCustomizer> (0x0000000088609240) 
thrown [s\src\hotspot\share\classfile\systemDictionary.cpp, line 256]
Event: 14.657 Thread 0x000001b5fc76b140 Exception <a 'java/lang/ClassNotFoundException'{0x000000008862fb40}: org/gradle/api/internal/DefaultDomainObjectCollectionCustomizer> (0x000000008862fb40) 
thrown [s\src\hotspot\share\classfile\systemDictionary.cpp, line 256]
Event: 14.660 Thread 0x000001b5fc76b140 Exception <a 'java/lang/ClassNotFoundException'{0x000000008866dde0}: org/gradle/api/internal/DefaultNamedDomainObjectCollectionCustomizer> (0x000000008866dde0) 
thrown [s\src\hotspot\share\classfile\systemDictionary.cpp, line 256]
Event: 14.663 Thread 0x000001b5fc76b140 Exception <a 'java/lang/ClassNotFoundException'{0x00000000886b9e10}: org/gradle/api/internal/DefaultNamedDomainObjectListCustomizer> (0x00000000886b9e10) 
thrown [s\src\hotspot\share\classfile\systemDictionary.cpp, line 256]
Event: 14.666 Thread 0x000001b5fc76b140 Exception <a 'java/lang/ClassNotFoundException'{0x00000000885033a8}: org/gradle/api/internal/artifacts/DefaultArtifactRepositoryContainerCustomizer> (0x00000000885033a8) 
thrown [s\src\hotspot\share\classfile\systemDictionary.cpp, line 256]
Event: 14.669 Thread 0x000001b5fc76b140 Exception <a 'java/lang/ClassNotFoundException'{0x0000000088544ca8}: org/gradle/api/internal/artifacts/dsl/DefaultRepositoryHandlerCustomizer> (0x0000000088544ca8) 
thrown [s\src\hotspot\share\classfile\systemDictionary.cpp, line 256]
Event: 14.673 Thread 0x000001b5fc76b140 Exception <a 'java/lang/ClassNotFoundException'{0x00000000885948c0}: org/gradle/api/internal/artifacts/dsl/DefaultRepositoryHandler_DecoratedCustomizer> (0x00000000885948c0) 
thrown [s\src\hotspot\share\classfile\systemDictionary.cpp, line 256]
Event: 14.685 Thread 0x000001b5fc76b140 Exception <a 'java/lang/ClassNotFoundException'{0x0000000088444778}: org/gradle/api/internal/artifacts/dsl/dependencies/DefaultDependencyHandler_DecoratedBeanInfo> (0x0000000088444778) 
thrown [s\src\hotspot\share\classfile\systemDictionary.cpp, line 256]
Event: 14.687 Thread 0x000001b5fc76b140 Exception <a 'java/lang/ClassNotFoundException'{0x000000008845c9a0}: org/gradle/api/internal/artifacts/dsl/dependencies/DefaultDependencyHandlerBeanInfo> (0x000000008845c9a0) 
thrown [s\src\hotspot\share\classfile\systemDictionary.cpp, line 256]
Event: 14.687 Thread 0x000001b5fc76b140 Exception <a 'java/lang/ClassNotFoundException'{0x00000000884743f8}: org/gradle/api/internal/artifacts/dsl/dependencies/DefaultDependencyHandlerCustomizer> (0x00000000884743f8) 
thrown [s\src\hotspot\share\classfile\systemDictionary.cpp, line 256]
Event: 14.689 Thread 0x000001b5fc76b140 Exception <a 'java/lang/ClassNotFoundException'{0x00000000884beef8}: org/gradle/api/internal/artifacts/dsl/dependencies/DefaultDependencyHandler_DecoratedCustomizer> (0x00000000884beef8) 
thrown [s\src\hotspot\share\classfile\systemDictionary.cpp, line 256]
Event: 15.166 Thread 0x000001b5a19e7b30 Exception <a 'sun/nio/fs/WindowsException'{0x000000008d5b2250}> (0x000000008d5b2250) 
thrown [s\src\hotspot\share\prims\jni.cpp, line 516]
Event: 15.167 Thread 0x000001b5a19e7b30 Exception <a 'sun/nio/fs/WindowsException'{0x000000008d5b4738}> (0x000000008d5b4738) 
thrown [s\src\hotspot\share\prims\jni.cpp, line 516]
Event: 15.167 Thread 0x000001b5a19e7b30 Exception <a 'sun/nio/fs/WindowsException'{0x000000008d5b69d0}> (0x000000008d5b69d0) 
thrown [s\src\hotspot\share\prims\jni.cpp, line 516]
Event: 15.167 Thread 0x000001b5a19e7b30 Exception <a 'sun/nio/fs/WindowsException'{0x000000008d5b8ba0}> (0x000000008d5b8ba0) 
thrown [s\src\hotspot\share\prims\jni.cpp, line 516]
Event: 15.798 Thread 0x000001b5a31efa80 Implicit null exception at 0x000001b5eccf84c7 to 0x000001b5eccf8ba8
Event: 15.798 Thread 0x000001b5a31f09b0 Implicit null exception at 0x000001b5eccf84c7 to 0x000001b5eccf8ba8

VM Operations (20 events):
Event: 15.002 Executing VM operation: ICBufferFull done
Event: 15.012 Executing VM operation: HandshakeAllThreads
Event: 15.013 Executing VM operation: HandshakeAllThreads done
Event: 15.043 Executing VM operation: HandshakeAllThreads
Event: 15.044 Executing VM operation: HandshakeAllThreads done
Event: 15.104 Executing VM operation: G1CollectForAllocation
Event: 15.113 Executing VM operation: G1CollectForAllocation done
Event: 15.121 Executing VM operation: G1CollectForAllocation
Event: 15.127 Executing VM operation: G1CollectForAllocation done
Event: 15.671 Executing VM operation: G1CollectForAllocation
Event: 15.675 Executing VM operation: G1CollectForAllocation done
Event: 15.735 Executing VM operation: G1PauseRemark
Event: 15.740 Executing VM operation: G1PauseRemark done
Event: 15.772 Executing VM operation: G1PauseCleanup
Event: 15.772 Executing VM operation: G1PauseCleanup done
Event: 15.818 Executing VM operation: G1CollectForAllocation
Event: 15.822 Executing VM operation: G1CollectForAllocation done
Event: 15.833 Executing VM operation: G1CollectForAllocation
Event: 15.837 Executing VM operation: G1CollectForAllocation done
Event: 15.973 Executing VM operation: G1CollectForAllocation

Memory protections (0 events):
No events

Nmethod flushes (20 events):
Event: 15.058 Thread 0x000001b5fc454af0 flushing  nmethod 0x000001b5e5efe010
Event: 15.058 Thread 0x000001b5fc454af0 flushing  nmethod 0x000001b5e5efeb10
Event: 15.058 Thread 0x000001b5fc454af0 flushing  nmethod 0x000001b5e5efef90
Event: 15.058 Thread 0x000001b5fc454af0 flushing  nmethod 0x000001b5e5f08a10
Event: 15.058 Thread 0x000001b5fc454af0 flushing  nmethod 0x000001b5e5f44110
Event: 15.059 Thread 0x000001b5fc454af0 flushing  nmethod 0x000001b5e5fdb810
Event: 15.059 Thread 0x000001b5fc454af0 flushing  nmethod 0x000001b5e606bd90
Event: 15.059 Thread 0x000001b5fc454af0 flushing  nmethod 0x000001b5e6073510
Event: 15.059 Thread 0x000001b5fc454af0 flushing  nmethod 0x000001b5e6073b10
Event: 15.059 Thread 0x000001b5fc454af0 flushing  nmethod 0x000001b5e6084510
Event: 15.059 Thread 0x000001b5fc454af0 flushing  nmethod 0x000001b5e608f310
Event: 15.060 Thread 0x000001b5fc454af0 flushing  nmethod 0x000001b5e60e5390
Event: 15.060 Thread 0x000001b5fc454af0 flushing  nmethod 0x000001b5e60e5790
Event: 15.060 Thread 0x000001b5fc454af0 flushing  nmethod 0x000001b5e60e6d10
Event: 15.060 Thread 0x000001b5fc454af0 flushing  nmethod 0x000001b5e60e7f10
Event: 15.060 Thread 0x000001b5fc454af0 flushing  nmethod 0x000001b5e60e9390
Event: 15.060 Thread 0x000001b5fc454af0 flushing  nmethod 0x000001b5e61d1f90
Event: 15.060 Thread 0x000001b5fc454af0 flushing  nmethod 0x000001b5e61e1710
Event: 15.060 Thread 0x000001b5fc454af0 flushing  nmethod 0x000001b5e61e5110
Event: 15.061 Thread 0x000001b5fc454af0 flushing  nmethod 0x000001b5e61e9310

Events (20 events):
Event: 15.138 Thread 0x000001b5a19e7b30 Thread added: 0x000001b59fc9e570
Event: 15.140 Thread 0x000001b5a19e7b30 Thread added: 0x000001b59fca2740
Event: 15.142 Thread 0x000001b5a19e7b30 Thread added: 0x000001b59fc9ef90
Event: 15.144 Thread 0x000001b5a19e7b30 Thread added: 0x000001b59fca4090
Event: 15.517 Thread 0x000001b5fc76b140 Thread added: 0x000001b59fca59e0
Event: 15.517 Thread 0x000001b5fc76b140 Thread added: 0x000001b59fca2c50
Event: 15.517 Thread 0x000001b5fc76b140 Thread added: 0x000001b59fca3b80
Event: 15.518 Thread 0x000001b5fc76b140 Thread added: 0x000001b59fca4ab0
Event: 15.518 Thread 0x000001b5fc76b140 Thread added: 0x000001b59fca3670
Event: 15.518 Thread 0x000001b5fc76b140 Thread added: 0x000001b59fca45a0
Event: 15.518 Thread 0x000001b5fc76b140 Thread added: 0x000001b59fca54d0
Event: 15.518 Thread 0x000001b5fc76b140 Thread added: 0x000001b59fca4fc0
Event: 15.519 Thread 0x000001b5fc76b140 Thread added: 0x000001b59fca2230
Event: 15.519 Thread 0x000001b5fc76b140 Thread added: 0x000001b59fca3160
Event: 15.519 Thread 0x000001b5fc76b140 Thread added: 0x000001b59fca8260
Event: 15.519 Thread 0x000001b5fc76b140 Thread added: 0x000001b59fca8c80
Event: 15.519 Thread 0x000001b5fc76b140 Thread added: 0x000001b59fca8770
Event: 15.720 Thread 0x000001b5fc5a45e0 Thread added: 0x000001b5feab5840
Event: 15.722 Thread 0x000001b5fc458b40 Thread added: 0x000001b5feab9800
Event: 15.854 Thread 0x000001b5feab5840 Thread added: 0x000001b5feab5d90


Dynamic libraries:
0x00007ff782130000 - 0x00007ff78213e000 	C:\Program Files\Microsoft\jdk-17.0.17.10-hotspot\bin\java.exe
0x00007ffc47380000 - 0x00007ffc475e7000 	C:\WINDOWS\SYSTEM32\ntdll.dll
0x00007ffc45e20000 - 0x00007ffc45ee9000 	C:\WINDOWS\System32\KERNEL32.DLL
0x00007ffc44d00000 - 0x00007ffc450f7000 	C:\WINDOWS\System32\KERNELBASE.dll
0x00007ffc44b20000 - 0x00007ffc44c6b000 	C:\WINDOWS\System32\ucrtbase.dll
0x00007ffc253c0000 - 0x00007ffc253de000 	C:\Program Files\Microsoft\jdk-17.0.17.10-hotspot\bin\VCRUNTIME140.dll
0x00007ffc26cb0000 - 0x00007ffc26cc8000 	C:\Program Files\Microsoft\jdk-17.0.17.10-hotspot\bin\jli.dll
0x00007ffc469c0000 - 0x00007ffc46b86000 	C:\WINDOWS\System32\USER32.dll
0x00007ffc44af0000 - 0x00007ffc44b17000 	C:\WINDOWS\System32\win32u.dll
0x00007ffc46990000 - 0x00007ffc469bb000 	C:\WINDOWS\System32\GDI32.dll
0x00007ffc449c0000 - 0x00007ffc44aec000 	C:\WINDOWS\System32\gdi32full.dll
0x00007ffc2ea00000 - 0x00007ffc2ec92000 	C:\WINDOWS\WinSxS\amd64_microsoft.windows.common-controls_6595b64144ccf1df_6.0.26100.8457_none_3e0b2faee331e92d\COMCTL32.dll
0x00007ffc43db0000 - 0x00007ffc43e53000 	C:\WINDOWS\System32\msvcp_win.dll
0x00007ffc45d30000 - 0x00007ffc45dd9000 	C:\WINDOWS\System32\msvcrt.dll
0x00007ffc45de0000 - 0x00007ffc45e12000 	C:\WINDOWS\System32\IMM32.DLL
0x00007ffc38a90000 - 0x00007ffc38a9c000 	C:\Program Files\Microsoft\jdk-17.0.17.10-hotspot\bin\vcruntime140_1.dll
0x00007ffc147c0000 - 0x00007ffc14849000 	C:\Program Files\Microsoft\jdk-17.0.17.10-hotspot\bin\msvcp140.dll
0x00007ffb82f10000 - 0x00007ffb83b8a000 	C:\Program Files\Microsoft\jdk-17.0.17.10-hotspot\bin\server\jvm.dll
0x00007ffc45b10000 - 0x00007ffc45bc6000 	C:\WINDOWS\System32\ADVAPI32.dll
0x00007ffc47290000 - 0x00007ffc47337000 	C:\WINDOWS\System32\sechost.dll
0x00007ffc455c0000 - 0x00007ffc456d8000 	C:\WINDOWS\System32\RPCRT4.dll
0x00007ffc45a80000 - 0x00007ffc45b00000 	C:\WINDOWS\System32\WS2_32.dll
0x00007ffc43c30000 - 0x00007ffc43c8e000 	C:\WINDOWS\SYSTEM32\POWRPROF.dll
0x00007ffc3bb20000 - 0x00007ffc3bb56000 	C:\WINDOWS\SYSTEM32\WINMM.dll
0x00007ffc3bb60000 - 0x00007ffc3bb6b000 	C:\WINDOWS\SYSTEM32\VERSION.dll
0x00007ffc43c10000 - 0x00007ffc43c24000 	C:\WINDOWS\SYSTEM32\UMPDC.dll
0x00007ffc42b00000 - 0x00007ffc42b1b000 	C:\WINDOWS\SYSTEM32\kernel.appcore.dll
0x00007ffc34a70000 - 0x00007ffc34a7a000 	C:\Program Files\Microsoft\jdk-17.0.17.10-hotspot\bin\jimage.dll
0x00007ffc41f20000 - 0x00007ffc42162000 	C:\WINDOWS\SYSTEM32\DBGHELP.DLL
0x00007ffc456e0000 - 0x00007ffc45a63000 	C:\WINDOWS\System32\combase.dll
0x00007ffc46ed0000 - 0x00007ffc46fa9000 	C:\WINDOWS\System32\OLEAUT32.dll
0x00007ffc258c0000 - 0x00007ffc258fb000 	C:\WINDOWS\SYSTEM32\dbgcore.DLL
0x00007ffc44850000 - 0x00007ffc448f8000 	C:\WINDOWS\System32\bcryptPrimitives.dll
0x00007ffc29410000 - 0x00007ffc2941f000 	C:\Program Files\Microsoft\jdk-17.0.17.10-hotspot\bin\instrument.dll
0x00007ffc19f70000 - 0x00007ffc19f96000 	C:\Program Files\Microsoft\jdk-17.0.17.10-hotspot\bin\java.dll
0x00007ffbc8800000 - 0x00007ffbc88d6000 	C:\Program Files\Microsoft\jdk-17.0.17.10-hotspot\bin\jsvml.dll
0x00007ffc45ef0000 - 0x00007ffc4665e000 	C:\WINDOWS\System32\SHELL32.dll
0x00007ffc43fe0000 - 0x00007ffc4484c000 	C:\WINDOWS\System32\windows.storage.dll
0x00007ffc46890000 - 0x00007ffc46986000 	C:\WINDOWS\System32\SHCORE.dll
0x00007ffc471c0000 - 0x00007ffc47226000 	C:\WINDOWS\System32\shlwapi.dll
0x00007ffc43cd0000 - 0x00007ffc43cf9000 	C:\WINDOWS\SYSTEM32\profapi.dll
0x00007ffc1dc00000 - 0x00007ffc1dc18000 	C:\Program Files\Microsoft\jdk-17.0.17.10-hotspot\bin\zip.dll
0x00007ffc1e190000 - 0x00007ffc1e1ab000 	C:\Program Files\Microsoft\jdk-17.0.17.10-hotspot\bin\net.dll
0x00007ffc3d490000 - 0x00007ffc3d5b9000 	C:\WINDOWS\SYSTEM32\WINHTTP.dll
0x00007ffc43050000 - 0x00007ffc430bc000 	C:\WINDOWS\system32\mswsock.dll
0x00007ffc1de40000 - 0x00007ffc1de56000 	C:\Program Files\Microsoft\jdk-17.0.17.10-hotspot\bin\nio.dll
0x00007ffc38840000 - 0x00007ffc38850000 	C:\Program Files\Microsoft\jdk-17.0.17.10-hotspot\bin\verify.dll
0x00007ffc388c0000 - 0x00007ffc388e7000 	C:\Users\Grahald\.gradle\native\c067742578af261105cb4f569cf0c3c89f3d7b1fecec35dd04571415982c5e48\windows-amd64\native-platform.dll
0x00007ffbc74a0000 - 0x00007ffbc75e4000 	C:\Users\Grahald\.gradle\native\100fb08df4bc3b14c8652ba06237920a3bd2aa13389f12d3474272988ae205f9\windows-amd64\native-platform-file-events.dll
0x00007ffc33710000 - 0x00007ffc3371a000 	C:\Program Files\Microsoft\jdk-17.0.17.10-hotspot\bin\management.dll
0x00007ffc2af60000 - 0x00007ffc2af6c000 	C:\Program Files\Microsoft\jdk-17.0.17.10-hotspot\bin\management_ext.dll
0x00007ffc46880000 - 0x00007ffc46888000 	C:\WINDOWS\System32\PSAPI.DLL
0x00007ffc43450000 - 0x00007ffc4346b000 	C:\WINDOWS\SYSTEM32\CRYPTSP.dll
0x00007ffc42a60000 - 0x00007ffc42a99000 	C:\WINDOWS\system32\rsaenh.dll
0x00007ffc43100000 - 0x00007ffc43133000 	C:\WINDOWS\SYSTEM32\USERENV.dll
0x00007ffc43ca0000 - 0x00007ffc43cca000 	C:\WINDOWS\SYSTEM32\bcrypt.dll
0x00007ffc432b0000 - 0x00007ffc432bc000 	C:\WINDOWS\SYSTEM32\CRYPTBASE.dll
0x00007ffc424f0000 - 0x00007ffc42522000 	C:\WINDOWS\SYSTEM32\IPHLPAPI.DLL
0x00007ffc46ec0000 - 0x00007ffc46eca000 	C:\WINDOWS\System32\NSI.dll
0x00007ffc3daa0000 - 0x00007ffc3dabd000 	C:\WINDOWS\SYSTEM32\dhcpcsvc6.DLL
0x00007ffc3d9f0000 - 0x00007ffc3da15000 	C:\WINDOWS\SYSTEM32\dhcpcsvc.DLL
0x00007ffc42530000 - 0x00007ffc42662000 	C:\WINDOWS\SYSTEM32\DNSAPI.dll
0x00007ffc33aa0000 - 0x00007ffc33aa9000 	C:\Program Files\Microsoft\jdk-17.0.17.10-hotspot\bin\extnet.dll
0x00007ffc34900000 - 0x00007ffc3490e000 	C:\Program Files\Microsoft\jdk-17.0.17.10-hotspot\bin\sunmscapi.dll
0x00007ffc43e60000 - 0x00007ffc43fd8000 	C:\WINDOWS\System32\CRYPT32.dll
0x00007ffc435b0000 - 0x00007ffc435e0000 	C:\WINDOWS\SYSTEM32\ncrypt.dll
0x00007ffc43560000 - 0x00007ffc4359f000 	C:\WINDOWS\SYSTEM32\NTASN1.dll
0x00007ffbff3a0000 - 0x00007ffbff3a8000 	C:\WINDOWS\system32\wshunix.dll
0x00007ffc293d0000 - 0x00007ffc293e8000 	C:\WINDOWS\system32\napinsp.dll
0x00007ffc29450000 - 0x00007ffc29463000 	C:\WINDOWS\System32\winrnr.dll
0x00007ffbf9840000 - 0x00007ffbf9862000 	C:\WINDOWS\system32\nlansp_c.dll
0x00007ffc13250000 - 0x00007ffc13266000 	C:\WINDOWS\system32\wshbth.dll
0x00007ffc3c310000 - 0x00007ffc3c31b000 	C:\Windows\System32\rasadhlp.dll
0x00007ffc3e310000 - 0x00007ffc3e396000 	C:\WINDOWS\System32\fwpuclnt.dll

dbghelp: loaded successfully - version: 4.0.5 - missing functions: none
symbol engine: initialized successfully - sym options: 0x614 - pdb path: .;C:\Program Files\Microsoft\jdk-17.0.17.10-hotspot\bin;C:\WINDOWS\SYSTEM32;C:\WINDOWS\WinSxS\amd64_microsoft.windows.common-controls_6595b64144ccf1df_6.0.26100.8457_none_3e0b2faee331e92d;C:\Program Files\Microsoft\jdk-17.0.17.10-hotspot\bin\server;C:\Users\Grahald\.gradle\native\c067742578af261105cb4f569cf0c3c89f3d7b1fecec35dd04571415982c5e48\windows-amd64;C:\Users\Grahald\.gradle\native\100fb08df4bc3b14c8652ba06237920a3bd2aa13389f12d3474272988ae205f9\windows-amd64

VM Arguments:
jvm_args: -XX:MaxMetaspaceSize=512m --add-opens=java.base/java.util=ALL-UNNAMED --add-opens=java.base/java.lang=ALL-UNNAMED --add-opens=java.base/java.lang.invoke=ALL-UNNAMED --add-opens=java.prefs/java.util.prefs=ALL-UNNAMED --add-opens=java.base/java.nio.charset=ALL-UNNAMED --add-opens=java.base/java.net=ALL-UNNAMED --add-opens=java.base/java.util.concurrent.atomic=ALL-UNNAMED -Xmx2048m -Dfile.encoding=windows-1252 -Duser.country=US -Duser.language=en -Duser.variant -javaagent:C:\Users\Grahald\.gradle\wrapper\dists\gradle-8.8-all\6gdy1pgp427xkqcjbxw3ylt6h\gradle-8.8\lib\agents\gradle-instrumentation-agent-8.8.jar 
java_command: org.gradle.launcher.daemon.bootstrap.GradleDaemon 8.8
java_class_path (initial): C:\Users\Grahald\.gradle\wrapper\dists\gradle-8.8-all\6gdy1pgp427xkqcjbxw3ylt6h\gradle-8.8\lib\gradle-launcher-8.8.jar
Launcher Type: SUN_STANDARD

[Global flags]
     intx CICompilerCount                          = 12                                        {product} {ergonomic}
   size_t CompressedClassSpaceSize                 = 436207616                                 {product} {ergonomic}
     uint ConcGCThreads                            = 3                                         {product} {ergonomic}
     uint G1ConcRefinementThreads                  = 13                                        {product} {ergonomic}
   size_t G1HeapRegionSize                         = 1048576                                   {product} {ergonomic}
    uintx GCDrainStackTargetSize                   = 64                                        {product} {ergonomic}
   size_t InitialHeapSize                          = 255852544                                 {product} {ergonomic}
   size_t MarkStackSize                            = 4194304                                   {product} {ergonomic}
   size_t MaxHeapSize                              = 2147483648                                {product} {command line}
   size_t MaxMetaspaceSize                         = 536870912                                 {product} {command line}
   size_t MaxNewSize                               = 1287651328                                {product} {ergonomic}
   size_t MinHeapDeltaBytes                        = 1048576                                   {product} {ergonomic}
   size_t MinHeapSize                              = 8388608                                   {product} {ergonomic}
    uintx NonNMethodCodeHeapSize                   = 7602480                                {pd product} {ergonomic}
    uintx NonProfiledCodeHeapSize                  = 122027880                              {pd product} {ergonomic}
    uintx ProfiledCodeHeapSize                     = 122027880                              {pd product} {ergonomic}
    uintx ReservedCodeCacheSize                    = 251658240                              {pd product} {ergonomic}
     bool SegmentedCodeCache                       = true                                      {product} {ergonomic}
   size_t SoftMaxHeapSize                          = 2147483648                             {manageable} {ergonomic}
     bool UseCompressedClassPointers               = true                           {product lp64_product} {ergonomic}
     bool UseCompressedOops                        = true                           {product lp64_product} {ergonomic}
     bool UseG1GC                                  = true                                      {product} {ergonomic}
     bool UseLargePagesIndividualAllocation        = false                                  {pd product} {ergonomic}

Logging:
Log output configuration:
 #0: stdout all=warning uptime,level,tags
 #1: stderr all=off uptime,level,tags

Environment Variables:
JAVA_HOME=C:\Program Files\Microsoft\jdk-17.0.17.10-hotspot\
CLASSPATH=D:\Belajar\tias-mobile\android\\gradle\wrapper\gradle-wrapper.jar
PATH=D:\Belajar\tias-mobile\node_modules\.bin;D:\Belajar\tias-mobile\node_modules\.bin;D:\Belajar\node_modules\.bin;D:\node_modules\.bin;C:\Users\Grahald\AppData\Roaming\npm\node_modules\npm\node_modules\@npmcli\run-script\lib\node-gyp-bin;D:\Belajar\tias-mobile\node_modules\.bin;D:\Belajar\node_modules\.bin;D:\node_modules\.bin;C:\Users\Grahald\AppData\Roaming\npm\node_modules\npm\node_modules\@npmcli\run-script\lib\node-gyp-bin;C:\Program Files\Microsoft\jdk-17.0.17.10-hotspot\bin;C:\Program Files\Java\jdk-XX\bin;C:\WINDOWS\system32;C:\WINDOWS;C:\WINDOWS\System32\Wbem;C:\WINDOWS\System32\WindowsPowerShell\v1.0\;C:\WINDOWS\System32\OpenSSH\;C:\ProgramData\chocolatey\bin;C:\ProgramData\ComposerSetup\bin;C:\Program Files\Git\cmd;C:\Program Files\PostgreSQL\16\bin;C:\laragon\bin\php\php-8.1.10-Win32-vs16-x64;C:\Program Files\Docker\Docker\resources\bin;%NVM_HOME%;%NVM_SYMLINK%;C:\Users\Grahald\AppData\Local\agy\bin;C:\Users\Grahald\.local\bin;C:\laragon\bin;C:\laragon\bin\apache\httpd-2.4.54-win64-VS16\bin;C:\laragon\bin\composer;C:\laragon\bin\git\bin;C:\laragon\bin\git\cmd;C:\laragon\bin\git\mingw64\bin;C:\laragon\bin\git\usr\bin;C:\laragon\bin\laragon\utils;C:\laragon\bin\mysql\mysql-8.0.30-winx64\bin;C:\laragon\bin\nginx\nginx-1.22.0;C:\laragon\bin\ngrok;C:\laragon\bin\nodejs;C:\laragon\bin\notepad++;C:\laragon\bin\php\php-8.2.30-Win32-vs16-x64;C:\laragon\bin\python\python-3.10;C:\laragon\bin\python\python-3.10\Scripts;C:\laragon\bin\redis\redis-x64-5.0.14.1;C:\laragon\bin\telnet;C:\laragon\usr\bin;C:\Users\Grahald\AppData\Local\Yarn\config\global\node_modules\.bin;C:\Users\Grahald\AppData\Roaming\Composer\vendor\bin;C:\Users\Grahald\AppData\Roaming\npm;C:\Users\Grahald\AppData\Local\Microsoft\WindowsApps;C:\Users\Grahald\AppData\Local\Programs\Microsoft VS Code\bin;C:\Users\Grahald\AppData\Local\nvm;C:\nvm4w\nodejs;C:\Users\Grahald\AppData\Local\Android\Sdk\platform-tools;C:\Users\Grahald\AppData\Local\Programs\Kiro\bin;C:\Users\Grahald\AppData\Local\Programs\Antigravity IDE\bin;C:\Users\Grahald\AppData\Local\Google\Cloud SDK\google-cloud-sdk\bin;c:\Users\Grahald\.antigravity-ide\extensions\vscjava.vscode-java-debug-0.59.0-universal\bundled\scripts\noConfigScripts
USERNAME=Grahald
LANG=en_US.UTF-8
OS=Windows_NT
PROCESSOR_IDENTIFIER=AMD64 Family 23 Model 96 Stepping 1, AuthenticAMD
TMP=C:\Users\Grahald\AppData\Local\Temp
TEMP=C:\Users\Grahald\AppData\Local\Temp



Periodic native trim disabled


---------------  S Y S T E M  ---------------

OS:
 Windows 11 , 64 bit Build 26100 (10.0.26100.8328)
OS uptime: 4 days 3:17 hours
Hyper-V role detected

CPU: total 16 (initial active 16) (16 cores per cpu, 2 threads per core) family 23 model 96 stepping 1 microcode 0x860010f, cx8, cmov, fxsr, ht, mmx, 3dnowpref, sse, sse2, sse3, ssse3, sse4a, sse4.1, sse4.2, popcnt, lzcnt, tsc, tscinvbit, avx, avx2, aes, clmul, bmi1, bmi2, adx, sha, fma, vzeroupper, clflush, clflushopt, hv
Processor Information for the first 16 processors :
  Max Mhz: 1700, Current Mhz: 1700, Mhz Limit: 1700

Memory: 4k page, system-wide physical 15591M (1889M free)
TotalPageFile size 29755M (AvailPageFile size 85M)
current process WorkingSet (physical memory assigned to process): 421M, peak: 427M
current process commit charge ("private bytes"): 554M, peak: 788M

vm_info: OpenJDK 64-Bit Server VM (17.0.17+10-LTS) for windows-amd64 JRE (17.0.17+10-LTS), built on Oct 13 2025 22:19:56 by "MicrosoftCorporation" with unknown MS VC++:1944

END.
